,country,iso_code,date,total_vaccinations,people_vaccinated,people_fully_vaccinated,daily_vaccinations_raw,daily_vaccinations,total_vaccinations_per_hundred,people_vaccinated_per_hundred,people_fully_vaccinated_per_hundred,daily_vaccinations_per_million,vaccines,source_name,source_website
47505,United States,USA,2020-12-20,556208.0,556208.0,0.0,0.0,0.0,0.17,0.17,0.0,0.0,"Johnson&Johnson, Moderna, Pfizer/BioNTech",Centers for Disease Control and Prevention,https://covid.cdc.gov/covid-data-tracker/COVIDData/getAjaxData?id=vaccination_data
47506,United States,USA,2020-12-21,614117.0,614117.0,0.0,57909.0,57909.0,0.18,0.18,0.0,172.0,"Johnson&Johnson, Moderna, Pfizer/BioNTech",Centers for Disease Control and Prevention,https://covid.cdc.gov/covid-data-tracker/COVIDData/getAjaxData?id=vaccination_data
47507,United States,USA,2020-12-22,614117.0,614117.0,0.0,57909.0,127432.0,0.18,0.18,0.0,379.0,"Johnson&Johnson, Moderna, Pfizer/BioNTech",Centers for Disease Control and Prevention,https://covid.cdc.gov/covid-data-tracker/COVIDData/getAjaxData?id=vaccination_data
47508,United States,USA,2020-12-23,1008025.0,1008025.0,0.0,57909.0,150606.0,0.3,0.3,0.0,448.0,"Johnson&Johnson, Moderna, Pfizer/BioNTech",Centers for Disease Control and Prevention,https://covid.cdc.gov/covid-data-tracker/COVIDData/getAjaxData?id=vaccination_data
47509,United States,USA,2020-12-24,1008025.0,1008025.0,0.0,57909.0,191001.0,0.3,0.3,0.0,568.0,"Johnson&Johnson, Moderna, Pfizer/BioNTech",Centers for Disease Control and Prevention,https://covid.cdc.gov/covid-data-tracker/COVIDData/getAjaxData?id=vaccination_data
47510,United States,USA,2020-12-25,1008025.0,1008025.0,0.0,57909.0,215238.0,0.3,0.3,0.0,640.0,"Johnson&Johnson, Moderna, Pfizer/BioNTech",Centers for Disease Control and Prevention,https://covid.cdc.gov/covid-data-tracker/COVIDData/getAjaxData?id=vaccination_data
47511,United States,USA,2020-12-26,1944585.0,1944585.0,0.0,57909.0,231396.0,0.58,0.58,0.0,688.0,"Johnson&Johnson, Moderna, Pfizer/BioNTech",Centers for Disease Control and Prevention,https://covid.cdc.gov/covid-data-tracker/COVIDData/getAjaxData?id=vaccination_data
47512,United States,USA,2020-12-27,1944585.0,1944585.0,0.0,57909.0,211379.0,0.58,0.58,0.0,628.0,"Johnson&Johnson, Moderna, Pfizer/BioNTech",Centers for Disease Control and Prevention,https://covid.cdc.gov/covid-data-tracker/COVIDData/getAjaxData?id=vaccination_data
47513,United States,USA,2020-12-28,2127143.0,2127143.0,0.0,57909.0,216147.0,0.63,0.63,0.0,643.0,"Johnson&Johnson, Moderna, Pfizer/BioNTech",Centers for Disease Control and Prevention,https://covid.cdc.gov/covid-data-tracker/COVIDData/getAjaxData?id=vaccination_data
47514,United States,USA,2020-12-29,2127143.0,2127143.0,0.0,57909.0,235685.0,0.63,0.63,0.0,701.0,"Johnson&Johnson, Moderna, Pfizer/BioNTech",Centers for Disease Control and Prevention,https://covid.cdc.gov/covid-data-tracker/COVIDData/getAjaxData?id=vaccination_data
47515,United States,USA,2020-12-30,2794588.0,2794588.0,0.0,57909.0,255223.0,0.83,0.83,0.0,759.0,"Johnson&Johnson, Moderna, Pfizer/BioNTech",Centers for Disease Control and Prevention,https://covid.cdc.gov/covid-data-tracker/COVIDData/getAjaxData?id=vaccination_data
47516,United States,USA,2020-12-31,2794588.0,2794588.0,0.0,57909.0,278776.0,0.83,0.83,0.0,829.0,"Johnson&Johnson, Moderna, Pfizer/BioNTech",Centers for Disease Control and Prevention,https://covid.cdc.gov/covid-data-tracker/COVIDData/getAjaxData?id=vaccination_data
47517,United States,USA,2021-01-01,2794588.0,2794588.0,0.0,57909.0,302329.0,0.83,0.83,0.0,899.0,"Johnson&Johnson, Moderna, Pfizer/BioNTech",Centers for Disease Control and Prevention,https://covid.cdc.gov/covid-data-tracker/COVIDData/getAjaxData?id=vaccination_data
47518,United States,USA,2021-01-02,4225756.0,4225756.0,0.0,57909.0,325882.0,1.26,1.26,0.0,969.0,"Johnson&Johnson, Moderna, Pfizer/BioNTech",Centers for Disease Control and Prevention,https://covid.cdc.gov/covid-data-tracker/COVIDData/getAjaxData?id=vaccination_data
47519,United States,USA,2021-01-03,4225756.0,4225756.0,0.0,57909.0,336949.0,1.26,1.26,0.0,1002.0,"Johnson&Johnson, Moderna, Pfizer/BioNTech",Centers for Disease Control and Prevention,https://covid.cdc.gov/covid-data-tracker/COVIDData/getAjaxData?id=vaccination_data
47520,United States,USA,2021-01-04,4563260.0,4563260.0,0.0,57909.0,348017.0,1.36,1.36,0.0,1035.0,"Johnson&Johnson, Moderna, Pfizer/BioNTech",Centers for Disease Control and Prevention,https://covid.cdc.gov/covid-data-tracker/COVIDData/getAjaxData?id=vaccination_data
47521,United States,USA,2021-01-05,4836469.0,4836469.0,0.0,273209.0,339372.0,1.44,1.44,0.0,1009.0,"Johnson&Johnson, Moderna, Pfizer/BioNTech",Centers for Disease Control and Prevention,https://covid.cdc.gov/covid-data-tracker/COVIDData/getAjaxData?id=vaccination_data
47522,United States,USA,2021-01-06,5306797.0,5306797.0,0.0,470328.0,358887.0,1.58,1.58,0.0,1067.0,"Johnson&Johnson, Moderna, Pfizer/BioNTech",Centers for Disease Control and Prevention,https://covid.cdc.gov/covid-data-tracker/COVIDData/getAjaxData?id=vaccination_data
47523,United States,USA,2021-01-07,5919418.0,5919418.0,0.0,612621.0,378253.0,1.76,1.76,0.0,1125.0,"Johnson&Johnson, Moderna, Pfizer/BioNTech",Centers for Disease Control and Prevention,https://covid.cdc.gov/covid-data-tracker/COVIDData/getAjaxData?id=vaccination_data
47524,United States,USA,2021-01-08,6688231.0,6688231.0,0.0,768813.0,419933.0,1.99,1.99,0.0,1249.0,"Johnson&Johnson, Moderna, Pfizer/BioNTech",Centers for Disease Control and Prevention,https://covid.cdc.gov/covid-data-tracker/COVIDData/getAjaxData?id=vaccination_data
47525,United States,USA,2021-01-09,6688231.0,6688231.0,0.0,768813.0,461263.0,1.99,1.99,0.0,1371.0,"Johnson&Johnson, Moderna, Pfizer/BioNTech",Centers for Disease Control and Prevention,https://covid.cdc.gov/covid-data-tracker/COVIDData/getAjaxData?id=vaccination_data
47526,United States,USA,2021-01-10,6688231.0,6688231.0,0.0,768813.0,546636.0,1.99,1.99,0.0,1625.0,"Johnson&Johnson, Moderna, Pfizer/BioNTech",Centers for Disease Control and Prevention,https://covid.cdc.gov/covid-data-tracker/COVIDData/getAjaxData?id=vaccination_data
47527,United States,USA,2021-01-11,8987322.0,8987322.0,0.0,768813.0,632009.0,2.67,2.67,0.0,1879.0,"Johnson&Johnson, Moderna, Pfizer/BioNTech",Centers for Disease Control and Prevention,https://covid.cdc.gov/covid-data-tracker/COVIDData/getAjaxData?id=vaccination_data
47528,United States,USA,2021-01-12,9327138.0,9327138.0,0.0,339816.0,641524.0,2.77,2.77,0.0,1907.0,"Johnson&Johnson, Moderna, Pfizer/BioNTech",Centers for Disease Control and Prevention,https://covid.cdc.gov/covid-data-tracker/COVIDData/getAjaxData?id=vaccination_data
47529,United States,USA,2021-01-13,10278462.0,9327138.0,0.0,951324.0,710238.0,3.06,2.77,0.0,2112.0,"Johnson&Johnson, Moderna, Pfizer/BioNTech",Centers for Disease Control and Prevention,https://covid.cdc.gov/covid-data-tracker/COVIDData/getAjaxData?id=vaccination_data
47530,United States,USA,2021-01-14,11148991.0,9690757.0,1342086.0,870529.0,747082.0,3.31,2.88,0.4,2221.0,"Johnson&Johnson, Moderna, Pfizer/BioNTech",Centers for Disease Control and Prevention,https://covid.cdc.gov/covid-data-tracker/COVIDData/getAjaxData?id=vaccination_data
47531,United States,USA,2021-01-15,12279180.0,10595866.0,1610524.0,1130189.0,798707.0,3.65,3.15,0.48,2375.0,"Johnson&Johnson, Moderna, Pfizer/BioNTech",Centers for Disease Control and Prevention,https://covid.cdc.gov/covid-data-tracker/COVIDData/getAjaxData?id=vaccination_data
47532,United States,USA,2021-01-16,12279180.0,10595866.0,1610524.0,1130189.0,811670.0,3.65,3.15,0.48,2413.0,"Johnson&Johnson, Moderna, Pfizer/BioNTech",Centers for Disease Control and Prevention,https://covid.cdc.gov/covid-data-tracker/COVIDData/getAjaxData?id=vaccination_data
47533,United States,USA,2021-01-17,12279180.0,10595866.0,1610524.0,1130189.0,824632.0,3.65,3.15,0.48,2452.0,"Johnson&Johnson, Moderna, Pfizer/BioNTech",Centers for Disease Control and Prevention,https://covid.cdc.gov/covid-data-tracker/COVIDData/getAjaxData?id=vaccination_data
47534,United States,USA,2021-01-18,12279180.0,10595866.0,1610524.0,1130189.0,837595.0,3.65,3.15,0.48,2490.0,"Johnson&Johnson, Moderna, Pfizer/BioNTech",Centers for Disease Control and Prevention,https://covid.cdc.gov/covid-data-tracker/COVIDData/getAjaxData?id=vaccination_data
47535,United States,USA,2021-01-19,15707588.0,13595803.0,2023124.0,1130189.0,911493.0,4.67,4.04,0.6,2710.0,"Johnson&Johnson, Moderna, Pfizer/BioNTech",Centers for Disease Control and Prevention,https://covid.cdc.gov/covid-data-tracker/COVIDData/getAjaxData?id=vaccination_data
47536,United States,USA,2021-01-20,16525281.0,14270441.0,2161419.0,817693.0,892403.0,4.91,4.24,0.64,2653.0,"Johnson&Johnson, Moderna, Pfizer/BioNTech",Centers for Disease Control and Prevention,https://covid.cdc.gov/covid-data-tracker/COVIDData/getAjaxData?id=vaccination_data
47537,United States,USA,2021-01-21,17546374.0,15053257.0,2394961.0,1021093.0,913912.0,5.22,4.48,0.71,2717.0,"Johnson&Johnson, Moderna, Pfizer/BioNTech",Centers for Disease Control and Prevention,https://covid.cdc.gov/covid-data-tracker/COVIDData/getAjaxData?id=vaccination_data
47538,United States,USA,2021-01-22,19107959.0,16243093.0,2756953.0,1561585.0,975540.0,5.68,4.83,0.82,2901.0,"Johnson&Johnson, Moderna, Pfizer/BioNTech",Centers for Disease Control and Prevention,https://covid.cdc.gov/covid-data-tracker/COVIDData/getAjaxData?id=vaccination_data
47539,United States,USA,2021-01-23,20537990.0,17390345.0,3027865.0,1430031.0,1057387.0,6.11,5.17,0.9,3144.0,"Johnson&Johnson, Moderna, Pfizer/BioNTech",Centers for Disease Control and Prevention,https://covid.cdc.gov/covid-data-tracker/COVIDData/getAjaxData?id=vaccination_data
47540,United States,USA,2021-01-24,21848655.0,18502131.0,3216836.0,1310665.0,1122182.0,6.5,5.5,0.96,3337.0,"Johnson&Johnson, Moderna, Pfizer/BioNTech",Centers for Disease Control and Prevention,https://covid.cdc.gov/covid-data-tracker/COVIDData/getAjaxData?id=vaccination_data
47541,United States,USA,2021-01-25,22734243.0,19252279.0,3346390.0,885588.0,1126251.0,6.76,5.72,0.99,3349.0,"Johnson&Johnson, Moderna, Pfizer/BioNTech",Centers for Disease Control and Prevention,https://covid.cdc.gov/covid-data-tracker/COVIDData/getAjaxData?id=vaccination_data
47542,United States,USA,2021-01-26,23540994.0,19902237.0,3481921.0,806751.0,1119058.0,7.0,5.92,1.04,3327.0,"Johnson&Johnson, Moderna, Pfizer/BioNTech",Centers for Disease Control and Prevention,https://covid.cdc.gov/covid-data-tracker/COVIDData/getAjaxData?id=vaccination_data
47543,United States,USA,2021-01-27,24652634.0,20687970.0,3801053.0,1111640.0,1161050.0,7.33,6.15,1.13,3452.0,"Johnson&Johnson, Moderna, Pfizer/BioNTech",Centers for Disease Control and Prevention,https://covid.cdc.gov/covid-data-tracker/COVIDData/getAjaxData?id=vaccination_data
47544,United States,USA,2021-01-28,26193682.0,21698606.0,4263056.0,1541048.0,1235330.0,7.79,6.45,1.27,3673.0,"Johnson&Johnson, Moderna, Pfizer/BioNTech",Centers for Disease Control and Prevention,https://covid.cdc.gov/covid-data-tracker/COVIDData/getAjaxData?id=vaccination_data
47545,United States,USA,2021-01-29,27884661.0,22858318.0,4780888.0,1690979.0,1253815.0,8.29,6.8,1.42,3728.0,"Johnson&Johnson, Moderna, Pfizer/BioNTech",Centers for Disease Control and Prevention,https://covid.cdc.gov/covid-data-tracker/COVIDData/getAjaxData?id=vaccination_data
47546,United States,USA,2021-01-30,29577902.0,24064165.0,5259693.0,1693241.0,1291416.0,8.79,7.16,1.56,3840.0,"Johnson&Johnson, Moderna, Pfizer/BioNTech",Centers for Disease Control and Prevention,https://covid.cdc.gov/covid-data-tracker/COVIDData/getAjaxData?id=vaccination_data
47547,United States,USA,2021-01-31,31123299.0,25201143.0,5657142.0,1545397.0,1324949.0,9.25,7.49,1.68,3939.0,"Johnson&Johnson, Moderna, Pfizer/BioNTech",Centers for Disease Control and Prevention,https://covid.cdc.gov/covid-data-tracker/COVIDData/getAjaxData?id=vaccination_data
47548,United States,USA,2021-02-01,32222402.0,26023153.0,5927847.0,1099103.0,1355451.0,9.58,7.74,1.76,4030.0,"Johnson&Johnson, Moderna, Pfizer/BioNTech",Centers for Disease Control and Prevention,https://covid.cdc.gov/covid-data-tracker/COVIDData/getAjaxData?id=vaccination_data
47549,United States,USA,2021-02-02,32780860.0,26440836.0,6064792.0,558458.0,1319981.0,9.75,7.86,1.8,3925.0,"Johnson&Johnson, Moderna, Pfizer/BioNTech",Centers for Disease Control and Prevention,https://covid.cdc.gov/covid-data-tracker/COVIDData/getAjaxData?id=vaccination_data
47550,United States,USA,2021-02-03,33878254.0,27154956.0,6436931.0,1097394.0,1317946.0,10.07,8.07,1.91,3919.0,"Johnson&Johnson, Moderna, Pfizer/BioNTech",Centers for Disease Control and Prevention,https://covid.cdc.gov/covid-data-tracker/COVIDData/getAjaxData?id=vaccination_data
47551,United States,USA,2021-02-04,35203710.0,27905197.0,6926050.0,1325456.0,1287147.0,10.47,8.3,2.06,3827.0,"Johnson&Johnson, Moderna, Pfizer/BioNTech",Centers for Disease Control and Prevention,https://covid.cdc.gov/covid-data-tracker/COVIDData/getAjaxData?id=vaccination_data
47552,United States,USA,2021-02-05,36819212.0,28909497.0,7503864.0,1615502.0,1276364.0,10.95,8.6,2.23,3795.0,"Johnson&Johnson, Moderna, Pfizer/BioNTech",Centers for Disease Control and Prevention,https://covid.cdc.gov/covid-data-tracker/COVIDData/getAjaxData?id=vaccination_data
47553,United States,USA,2021-02-06,39037964.0,30250964.0,8317180.0,2218752.0,1351437.0,11.61,8.99,2.47,4018.0,"Johnson&Johnson, Moderna, Pfizer/BioNTech",Centers for Disease Control and Prevention,https://covid.cdc.gov/covid-data-tracker/COVIDData/getAjaxData?id=vaccination_data
47554,United States,USA,2021-02-07,41210937.0,31579100.0,9147185.0,2172973.0,1441091.0,12.25,9.39,2.72,4285.0,"Johnson&Johnson, Moderna, Pfizer/BioNTech",Centers for Disease Control and Prevention,https://covid.cdc.gov/covid-data-tracker/COVIDData/getAjaxData?id=vaccination_data
47555,United States,USA,2021-02-08,42417617.0,32340146.0,9518015.0,1206680.0,1456459.0,12.61,9.62,2.83,4331.0,"Johnson&Johnson, Moderna, Pfizer/BioNTech",Centers for Disease Control and Prevention,https://covid.cdc.gov/covid-data-tracker/COVIDData/getAjaxData?id=vaccination_data
47556,United States,USA,2021-02-09,43206190.0,32867213.0,9840429.0,788573.0,1489333.0,12.85,9.77,2.93,4428.0,"Johnson&Johnson, Moderna, Pfizer/BioNTech",Centers for Disease Control and Prevention,https://covid.cdc.gov/covid-data-tracker/COVIDData/getAjaxData?id=vaccination_data
47557,United States,USA,2021-02-10,44769970.0,33783384.0,10469514.0,1563780.0,1555959.0,13.31,10.04,3.11,4626.0,"Johnson&Johnson, Moderna, Pfizer/BioNTech",Centers for Disease Control and Prevention,https://covid.cdc.gov/covid-data-tracker/COVIDData/getAjaxData?id=vaccination_data
47558,United States,USA,2021-02-11,46390270.0,34723964.0,11188782.0,1620300.0,1598080.0,13.79,10.32,3.33,4752.0,"Johnson&Johnson, Moderna, Pfizer/BioNTech",Centers for Disease Control and Prevention,https://covid.cdc.gov/covid-data-tracker/COVIDData/getAjaxData?id=vaccination_data
47559,United States,USA,2021-02-12,48410558.0,35834855.0,12085830.0,2020288.0,1655907.0,14.39,10.65,3.59,4924.0,"Johnson&Johnson, Moderna, Pfizer/BioNTech",Centers for Disease Control and Prevention,https://covid.cdc.gov/covid-data-tracker/COVIDData/getAjaxData?id=vaccination_data
47560,United States,USA,2021-02-13,50641884.0,37056122.0,13082172.0,2231326.0,1657703.0,15.06,11.02,3.89,4929.0,"Johnson&Johnson, Moderna, Pfizer/BioNTech",Centers for Disease Control and Prevention,https://covid.cdc.gov/covid-data-tracker/COVIDData/getAjaxData?id=vaccination_data
47561,United States,USA,2021-02-14,52884356.0,38292270.0,14077440.0,2242472.0,1667631.0,15.72,11.39,4.19,4958.0,"Johnson&Johnson, Moderna, Pfizer/BioNTech",Centers for Disease Control and Prevention,https://covid.cdc.gov/covid-data-tracker/COVIDData/getAjaxData?id=vaccination_data
47562,United States,USA,2021-02-15,52884356.0,38292270.0,14077440.0,2242472.0,1662106.0,15.72,11.39,4.19,4942.0,"Johnson&Johnson, Moderna, Pfizer/BioNTech",Centers for Disease Control and Prevention,https://covid.cdc.gov/covid-data-tracker/COVIDData/getAjaxData?id=vaccination_data
47563,United States,USA,2021-02-16,55220364.0,39670551.0,15015434.0,2242472.0,1716311.0,16.42,11.8,4.46,5103.0,"Johnson&Johnson, Moderna, Pfizer/BioNTech",Centers for Disease Control and Prevention,https://covid.cdc.gov/covid-data-tracker/COVIDData/getAjaxData?id=vaccination_data
47564,United States,USA,2021-02-17,56281827.0,40268009.0,15471536.0,1061463.0,1644551.0,16.73,11.97,4.6,4890.0,"Johnson&Johnson, Moderna, Pfizer/BioNTech",Centers for Disease Control and Prevention,https://covid.cdc.gov/covid-data-tracker/COVIDData/getAjaxData?id=vaccination_data
47565,United States,USA,2021-02-18,57737767.0,41021049.0,16162358.0,1455940.0,1621071.0,17.17,12.2,4.81,4820.0,"Johnson&Johnson, Moderna, Pfizer/BioNTech",Centers for Disease Control and Prevention,https://covid.cdc.gov/covid-data-tracker/COVIDData/getAjaxData?id=vaccination_data
47566,United States,USA,2021-02-19,59585043.0,41977401.0,17039118.0,1847276.0,1596355.0,17.72,12.48,5.07,4746.0,"Johnson&Johnson, Moderna, Pfizer/BioNTech",Centers for Disease Control and Prevention,https://covid.cdc.gov/covid-data-tracker/COVIDData/getAjaxData?id=vaccination_data
47567,United States,USA,2021-02-20,61289500.0,42809595.0,17895667.0,1704457.0,1521088.0,18.22,12.73,5.32,4523.0,"Johnson&Johnson, Moderna, Pfizer/BioNTech",Centers for Disease Control and Prevention,https://covid.cdc.gov/covid-data-tracker/COVIDData/getAjaxData?id=vaccination_data
47568,United States,USA,2021-02-21,63090634.0,43628092.0,18865319.0,1801134.0,1458040.0,18.76,12.97,5.61,4335.0,"Johnson&Johnson, Moderna, Pfizer/BioNTech",Centers for Disease Control and Prevention,https://covid.cdc.gov/covid-data-tracker/COVIDData/getAjaxData?id=vaccination_data
47569,United States,USA,2021-02-22,64177474.0,44138118.0,19438495.0,1086840.0,1446445.0,19.08,13.12,5.78,4301.0,"Johnson&Johnson, Moderna, Pfizer/BioNTech",Centers for Disease Control and Prevention,https://covid.cdc.gov/covid-data-tracker/COVIDData/getAjaxData?id=vaccination_data
47570,United States,USA,2021-02-23,65032083.0,44544969.0,19882544.0,854609.0,1401674.0,19.34,13.24,5.91,4168.0,"Johnson&Johnson, Moderna, Pfizer/BioNTech",Centers for Disease Control and Prevention,https://covid.cdc.gov/covid-data-tracker/COVIDData/getAjaxData?id=vaccination_data
47571,United States,USA,2021-02-24,66464947.0,45237143.0,20607261.0,1432864.0,1454731.0,19.76,13.45,6.13,4325.0,"Johnson&Johnson, Moderna, Pfizer/BioNTech",Centers for Disease Control and Prevention,https://covid.cdc.gov/covid-data-tracker/COVIDData/getAjaxData?id=vaccination_data
47572,United States,USA,2021-02-25,68274117.0,46074392.0,21555117.0,1809170.0,1505193.0,20.3,13.7,6.41,4475.0,"Johnson&Johnson, Moderna, Pfizer/BioNTech",Centers for Disease Control and Prevention,https://covid.cdc.gov/covid-data-tracker/COVIDData/getAjaxData?id=vaccination_data
47573,United States,USA,2021-02-26,70454064.0,47184199.0,22613359.0,2179947.0,1552717.0,20.95,14.03,6.72,4617.0,"Johnson&Johnson, Moderna, Pfizer/BioNTech",Centers for Disease Control and Prevention,https://covid.cdc.gov/covid-data-tracker/COVIDData/getAjaxData?id=vaccination_data
47574,United States,USA,2021-02-27,72806180.0,48435536.0,23698627.0,2352116.0,1645240.0,21.65,14.4,7.05,4892.0,"Johnson&Johnson, Moderna, Pfizer/BioNTech",Centers for Disease Control and Prevention,https://covid.cdc.gov/covid-data-tracker/COVIDData/getAjaxData?id=vaccination_data
47575,United States,USA,2021-02-28,75236003.0,49772180.0,24779920.0,2429823.0,1735053.0,22.37,14.8,7.37,5159.0,"Johnson&Johnson, Moderna, Pfizer/BioNTech",Centers for Disease Control and Prevention,https://covid.cdc.gov/covid-data-tracker/COVIDData/getAjaxData?id=vaccination_data
47576,United States,USA,2021-03-01,76899987.0,50732997.0,25466405.0,1663984.0,1817502.0,22.86,15.08,7.57,5404.0,"Johnson&Johnson, Moderna, Pfizer/BioNTech",Centers for Disease Control and Prevention,https://covid.cdc.gov/covid-data-tracker/COVIDData/getAjaxData?id=vaccination_data
47577,United States,USA,2021-03-02,78631601.0,51755447.0,26162122.0,1731614.0,1942788.0,23.38,15.39,7.78,5777.0,"Johnson&Johnson, Moderna, Pfizer/BioNTech",Centers for Disease Control and Prevention,https://covid.cdc.gov/covid-data-tracker/COVIDData/getAjaxData?id=vaccination_data
47578,United States,USA,2021-03-03,80540474.0,52855579.0,26957804.0,1908873.0,2010790.0,23.95,15.72,8.02,5979.0,"Johnson&Johnson, Moderna, Pfizer/BioNTech",Centers for Disease Control and Prevention,https://covid.cdc.gov/covid-data-tracker/COVIDData/getAjaxData?id=vaccination_data
47579,United States,USA,2021-03-04,82572848.0,54035670.0,27795980.0,2032374.0,2042676.0,24.55,16.07,8.26,6074.0,"Johnson&Johnson, Moderna, Pfizer/BioNTech",Centers for Disease Control and Prevention,https://covid.cdc.gov/covid-data-tracker/COVIDData/getAjaxData?id=vaccination_data
47580,United States,USA,2021-03-05,85008094.0,55547697.0,28701201.0,2435246.0,2079147.0,25.28,16.52,8.53,6182.0,"Johnson&Johnson, Moderna, Pfizer/BioNTech",Centers for Disease Control and Prevention,https://covid.cdc.gov/covid-data-tracker/COVIDData/getAjaxData?id=vaccination_data
47581,United States,USA,2021-03-06,87912323.0,57358849.0,29776160.0,2904229.0,2158020.0,26.14,17.05,8.85,6416.0,"Johnson&Johnson, Moderna, Pfizer/BioNTech",Centers for Disease Control and Prevention,https://covid.cdc.gov/covid-data-tracker/COVIDData/getAjaxData?id=vaccination_data
47582,United States,USA,2021-03-07,90351750.0,58873710.0,30686881.0,2439427.0,2159392.0,26.86,17.51,9.12,6421.0,"Johnson&Johnson, Moderna, Pfizer/BioNTech",Centers for Disease Control and Prevention,https://covid.cdc.gov/covid-data-tracker/COVIDData/getAjaxData?id=vaccination_data
47583,United States,USA,2021-03-08,92089852.0,60005231.0,31493040.0,1738102.0,2169981.0,27.38,17.84,9.36,6452.0,"Johnson&Johnson, Moderna, Pfizer/BioNTech",Centers for Disease Control and Prevention,https://covid.cdc.gov/covid-data-tracker/COVIDData/getAjaxData?id=vaccination_data
47584,United States,USA,2021-03-09,93692598.0,61088527.0,32102061.0,1602746.0,2151571.0,27.86,18.16,9.54,6397.0,"Johnson&Johnson, Moderna, Pfizer/BioNTech",Centers for Disease Control and Prevention,https://covid.cdc.gov/covid-data-tracker/COVIDData/getAjaxData?id=vaccination_data
47585,United States,USA,2021-03-10,95721290.0,62451150.0,32904161.0,2028692.0,2168688.0,28.46,18.57,9.78,6448.0,"Johnson&Johnson, Moderna, Pfizer/BioNTech",Centers for Disease Control and Prevention,https://covid.cdc.gov/covid-data-tracker/COVIDData/getAjaxData?id=vaccination_data
47586,United States,USA,2021-03-11,98203893.0,64071674.0,33863127.0,2482603.0,2233006.0,29.2,19.05,10.07,6639.0,"Johnson&Johnson, Moderna, Pfizer/BioNTech",Centers for Disease Control and Prevention,https://covid.cdc.gov/covid-data-tracker/COVIDData/getAjaxData?id=vaccination_data
47587,United States,USA,2021-03-12,101128005.0,65965305.0,35000159.0,2924112.0,2302844.0,30.07,19.61,10.41,6847.0,"Johnson&Johnson, Moderna, Pfizer/BioNTech",Centers for Disease Control and Prevention,https://covid.cdc.gov/covid-data-tracker/COVIDData/getAjaxData?id=vaccination_data
47588,United States,USA,2021-03-13,105703501.0,68884011.0,36929777.0,4575496.0,2541597.0,31.43,20.48,10.98,7557.0,"Johnson&Johnson, Moderna, Pfizer/BioNTech",Centers for Disease Control and Prevention,https://covid.cdc.gov/covid-data-tracker/COVIDData/getAjaxData?id=vaccination_data
47589,United States,USA,2021-03-14,107060274.0,69784210.0,37459269.0,1356773.0,2386932.0,31.83,20.75,11.14,7097.0,"Johnson&Johnson, Moderna, Pfizer/BioNTech",Centers for Disease Control and Prevention,https://covid.cdc.gov/covid-data-tracker/COVIDData/getAjaxData?id=vaccination_data
47590,United States,USA,2021-03-15,109081860.0,71054445.0,38335432.0,2021586.0,2427430.0,32.43,21.13,11.4,7218.0,"Johnson&Johnson, Moderna, Pfizer/BioNTech",Centers for Disease Control and Prevention,https://covid.cdc.gov/covid-data-tracker/COVIDData/getAjaxData?id=vaccination_data
47591,United States,USA,2021-03-16,110737856.0,72135616.0,39042345.0,1655996.0,2435037.0,32.93,21.45,11.61,7240.0,"Johnson&Johnson, Moderna, Pfizer/BioNTech",Centers for Disease Control and Prevention,https://covid.cdc.gov/covid-data-tracker/COVIDData/getAjaxData?id=vaccination_data
47592,United States,USA,2021-03-17,113037627.0,73669956.0,39989196.0,2299771.0,2473762.0,33.61,21.9,11.89,7355.0,"Johnson&Johnson, Moderna, Pfizer/BioNTech",Centers for Disease Control and Prevention,https://covid.cdc.gov/covid-data-tracker/COVIDData/getAjaxData?id=vaccination_data
47593,United States,USA,2021-03-18,115730008.0,75495716.0,40981464.0,2692381.0,2503731.0,34.41,22.45,12.19,7444.0,"Johnson&Johnson, Moderna, Pfizer/BioNTech",Centers for Disease Control and Prevention,https://covid.cdc.gov/covid-data-tracker/COVIDData/getAjaxData?id=vaccination_data
47594,United States,USA,2021-03-19,118313818.0,77230061.0,41934629.0,2583810.0,2455116.0,35.18,22.96,12.47,7300.0,"Johnson&Johnson, Moderna, Pfizer/BioNTech",Centers for Disease Control and Prevention,https://covid.cdc.gov/covid-data-tracker/COVIDData/getAjaxData?id=vaccination_data
47595,United States,USA,2021-03-20,121441497.0,79367225.0,43036818.0,3127679.0,2248285.0,36.11,23.6,12.8,6685.0,"Johnson&Johnson, Moderna, Pfizer/BioNTech",Centers for Disease Control and Prevention,https://covid.cdc.gov/covid-data-tracker/COVIDData/getAjaxData?id=vaccination_data
47596,United States,USA,2021-03-21,124481412.0,81415769.0,44141228.0,3039915.0,2488734.0,37.01,24.21,13.12,7400.0,"Johnson&Johnson, Moderna, Pfizer/BioNTech",Centers for Disease Control and Prevention,https://covid.cdc.gov/covid-data-tracker/COVIDData/getAjaxData?id=vaccination_data
47597,United States,USA,2021-03-22,126509736.0,82772416.0,44910946.0,2028324.0,2489697.0,37.62,24.61,13.35,7403.0,"Johnson&Johnson, Moderna, Pfizer/BioNTech",Centers for Disease Control and Prevention,https://covid.cdc.gov/covid-data-tracker/COVIDData/getAjaxData?id=vaccination_data
47598,United States,USA,2021-03-23,128217029.0,83930495.0,45533962.0,1707293.0,2497025.0,38.12,24.96,13.54,7424.0,"Johnson&Johnson, Moderna, Pfizer/BioNTech",Centers for Disease Control and Prevention,https://covid.cdc.gov/covid-data-tracker/COVIDData/getAjaxData?id=vaccination_data
47599,United States,USA,2021-03-24,130473853.0,85472166.0,46365515.0,2256824.0,2490889.0,38.79,25.41,13.79,7406.0,"Johnson&Johnson, Moderna, Pfizer/BioNTech",Centers for Disease Control and Prevention,https://covid.cdc.gov/covid-data-tracker/COVIDData/getAjaxData?id=vaccination_data
47600,United States,USA,2021-03-25,133305295.0,87343622.0,47419832.0,2831442.0,2510755.0,39.64,25.97,14.1,7465.0,"Johnson&Johnson, Moderna, Pfizer/BioNTech",Centers for Disease Control and Prevention,https://covid.cdc.gov/covid-data-tracker/COVIDData/getAjaxData?id=vaccination_data
47601,United States,USA,2021-03-26,136684688.0,89559225.0,48695172.0,3379393.0,2624410.0,40.64,26.63,14.48,7803.0,"Johnson&Johnson, Moderna, Pfizer/BioNTech",Centers for Disease Control and Prevention,https://covid.cdc.gov/covid-data-tracker/COVIDData/getAjaxData?id=vaccination_data
47602,United States,USA,2021-03-27,140180735.0,91707729.0,50141769.0,3496047.0,2677034.0,41.68,27.27,14.91,7960.0,"Johnson&Johnson, Moderna, Pfizer/BioNTech",Centers for Disease Control and Prevention,https://covid.cdc.gov/covid-data-tracker/COVIDData/getAjaxData?id=vaccination_data
47603,United States,USA,2021-03-28,143462691.0,93631163.0,51593564.0,3281956.0,2711611.0,42.66,27.84,15.34,8062.0,"Johnson&Johnson, Moderna, Pfizer/BioNTech",Centers for Disease Control and Prevention,https://covid.cdc.gov/covid-data-tracker/COVIDData/getAjaxData?id=vaccination_data
47604,United States,USA,2021-03-29,145812835.0,95015762.0,52614231.0,2350144.0,2757586.0,43.35,28.25,15.64,8199.0,"Johnson&Johnson, Moderna, Pfizer/BioNTech",Centers for Disease Control and Prevention,https://covid.cdc.gov/covid-data-tracker/COVIDData/getAjaxData?id=vaccination_data
47605,United States,USA,2021-03-30,147602345.0,96044046.0,53423486.0,1789510.0,2769331.0,43.89,28.56,15.88,8234.0,"Johnson&Johnson, Moderna, Pfizer/BioNTech",Centers for Disease Control and Prevention,https://covid.cdc.gov/covid-data-tracker/COVIDData/getAjaxData?id=vaccination_data
47606,United States,USA,2021-03-31,150273292.0,97593290.0,54607041.0,2670947.0,2828491.0,44.68,29.02,16.24,8410.0,"Johnson&Johnson, Moderna, Pfizer/BioNTech",Centers for Disease Control and Prevention,https://covid.cdc.gov/covid-data-tracker/COVIDData/getAjaxData?id=vaccination_data
47607,United States,USA,2021-04-01,153631404.0,99565311.0,56089614.0,3358112.0,2903730.0,45.68,29.6,16.68,8634.0,"Johnson&Johnson, Moderna, Pfizer/BioNTech",Centers for Disease Control and Prevention,https://covid.cdc.gov/covid-data-tracker/COVIDData/getAjaxData?id=vaccination_data
47608,United States,USA,2021-04-02,157606463.0,101804762.0,57984785.0,3975059.0,2988825.0,46.86,30.27,17.24,8887.0,"Johnson&Johnson, Moderna, Pfizer/BioNTech",Centers for Disease Control and Prevention,https://covid.cdc.gov/covid-data-tracker/COVIDData/getAjaxData?id=vaccination_data
47609,United States,USA,2021-04-03,161688422.0,104213478.0,59858146.0,4081959.0,3072527.0,48.08,30.99,17.8,9136.0,"Johnson&Johnson, Moderna, Pfizer/BioNTech",Centers for Disease Control and Prevention,https://covid.cdc.gov/covid-data-tracker/COVIDData/getAjaxData?id=vaccination_data
47610,United States,USA,2021-04-04,165053746.0,106214924.0,61416536.0,3365324.0,3084436.0,49.08,31.58,18.26,9171.0,"Johnson&Johnson, Moderna, Pfizer/BioNTech",Centers for Disease Control and Prevention,https://covid.cdc.gov/covid-data-tracker/COVIDData/getAjaxData?id=vaccination_data
47611,United States,USA,2021-04-05,167187795.0,107515428.0,62392065.0,2134049.0,3053566.0,49.71,31.97,18.55,9079.0,"Johnson&Johnson, Moderna, Pfizer/BioNTech",Centers for Disease Control and Prevention,https://covid.cdc.gov/covid-data-tracker/COVIDData/getAjaxData?id=vaccination_data
47612,United States,USA,2021-04-06,168592075.0,108301234.0,63016976.0,1404280.0,2998533.0,50.13,32.2,18.74,8916.0,"Johnson&Johnson, Moderna, Pfizer/BioNTech",Centers for Disease Control and Prevention,https://covid.cdc.gov/covid-data-tracker/COVIDData/getAjaxData?id=vaccination_data
47613,United States,USA,2021-04-07,171476655.0,109995734.0,64422618.0,2884580.0,3029052.0,50.99,32.71,19.15,9006.0,"Johnson&Johnson, Moderna, Pfizer/BioNTech",Centers for Disease Control and Prevention,https://covid.cdc.gov/covid-data-tracker/COVIDData/getAjaxData?id=vaccination_data
47614,United States,USA,2021-04-08,174879716.0,112046611.0,66203123.0,3403061.0,3035473.0,52.0,33.32,19.68,9025.0,"Johnson&Johnson, Moderna, Pfizer/BioNTech",Centers for Disease Control and Prevention,https://covid.cdc.gov/covid-data-tracker/COVIDData/getAjaxData?id=vaccination_data
47615,United States,USA,2021-04-09,178837781.0,114436039.0,68202458.0,3958065.0,3033045.0,53.17,34.03,20.28,9018.0,"Johnson&Johnson, Moderna, Pfizer/BioNTech",Centers for Disease Control and Prevention,https://covid.cdc.gov/covid-data-tracker/COVIDData/getAjaxData?id=vaccination_data
47616,United States,USA,2021-04-10,183467709.0,117142879.0,70692645.0,4629928.0,3111327.0,54.55,34.83,21.02,9251.0,"Johnson&Johnson, Moderna, Pfizer/BioNTech",Centers for Disease Control and Prevention,https://covid.cdc.gov/covid-data-tracker/COVIDData/getAjaxData?id=vaccination_data
47617,United States,USA,2021-04-11,187047131.0,119242902.0,72630892.0,3579422.0,3141912.0,55.62,35.45,21.6,9342.0,"Johnson&Johnson, Moderna, Pfizer/BioNTech",Centers for Disease Control and Prevention,https://covid.cdc.gov/covid-data-tracker/COVIDData/getAjaxData?id=vaccination_data
47618,United States,USA,2021-04-12,189692045.0,120848490.0,74066085.0,2644914.0,3214893.0,56.4,35.93,22.02,9559.0,"Johnson&Johnson, Moderna, Pfizer/BioNTech",Centers for Disease Control and Prevention,https://covid.cdc.gov/covid-data-tracker/COVIDData/getAjaxData?id=vaccination_data
47619,United States,USA,2021-04-13,192282781.0,122295530.0,75322283.0,2590736.0,3384387.0,57.17,36.36,22.4,10063.0,"Johnson&Johnson, Moderna, Pfizer/BioNTech",Centers for Disease Control and Prevention,https://covid.cdc.gov/covid-data-tracker/COVIDData/getAjaxData?id=vaccination_data
47620,United States,USA,2021-04-14,194791836.0,123917385.0,76681252.0,2509055.0,3330740.0,57.92,36.84,22.8,9903.0,"Johnson&Johnson, Moderna, Pfizer/BioNTech",Centers for Disease Control and Prevention,https://covid.cdc.gov/covid-data-tracker/COVIDData/getAjaxData?id=vaccination_data
47621,United States,USA,2021-04-15,198317040.0,125822868.0,78498290.0,3525204.0,3348189.0,58.97,37.41,23.34,9955.0,"Johnson&Johnson, Moderna, Pfizer/BioNTech",Centers for Disease Control and Prevention,https://covid.cdc.gov/covid-data-tracker/COVIDData/getAjaxData?id=vaccination_data
47622,United States,USA,2021-04-16,202282923.0,127743096.0,80609818.0,3965883.0,3349306.0,60.15,37.98,23.97,9959.0,"Johnson&Johnson, Moderna, Pfizer/BioNTech",Centers for Disease Control and Prevention,https://covid.cdc.gov/covid-data-tracker/COVIDData/getAjaxData?id=vaccination_data
47623,United States,USA,2021-04-17,205871913.0,129494179.0,82471151.0,3588990.0,3200601.0,61.21,38.5,24.52,9516.0,"Johnson&Johnson, Moderna, Pfizer/BioNTech",Centers for Disease Control and Prevention,https://covid.cdc.gov/covid-data-tracker/COVIDData/getAjaxData?id=vaccination_data
47624,United States,USA,2021-04-18,209406814.0,131247546.0,84263408.0,3534901.0,3194240.0,62.26,39.02,25.05,9497.0,"Johnson&Johnson, Moderna, Pfizer/BioNTech",Centers for Disease Control and Prevention,https://covid.cdc.gov/covid-data-tracker/COVIDData/getAjaxData?id=vaccination_data
47625,United States,USA,2021-04-19,211581309.0,132321628.0,85365180.0,2174495.0,3127038.0,62.91,39.34,25.38,9298.0,"Johnson&Johnson, Moderna, Pfizer/BioNTech",Centers for Disease Control and Prevention,https://covid.cdc.gov/covid-data-tracker/COVIDData/getAjaxData?id=vaccination_data
47626,United States,USA,2021-04-20,213388238.0,133266995.0,86223506.0,1806929.0,3015065.0,63.45,39.62,25.64,8965.0,"Johnson&Johnson, Moderna, Pfizer/BioNTech",Centers for Disease Control and Prevention,https://covid.cdc.gov/covid-data-tracker/COVIDData/getAjaxData?id=vaccination_data
47627,United States,USA,2021-04-21,215951909.0,134445595.0,87592646.0,2563671.0,3022868.0,64.21,39.97,26.04,8988.0,"Johnson&Johnson, Moderna, Pfizer/BioNTech",Centers for Disease Control and Prevention,https://covid.cdc.gov/covid-data-tracker/COVIDData/getAjaxData?id=vaccination_data
47628,United States,USA,2021-04-22,218947643.0,135791031.0,89245776.0,2995734.0,2947229.0,65.1,40.37,26.54,8763.0,"Johnson&Johnson, Moderna, Pfizer/BioNTech",Centers for Disease Control and Prevention,https://covid.cdc.gov/covid-data-tracker/COVIDData/getAjaxData?id=vaccination_data
47629,United States,USA,2021-04-23,222322230.0,137234889.0,91175995.0,3374587.0,2862758.0,66.1,40.8,27.11,8512.0,"Johnson&Johnson, Moderna, Pfizer/BioNTech",Centers for Disease Control and Prevention,https://covid.cdc.gov/covid-data-tracker/COVIDData/getAjaxData?id=vaccination_data
47630,United States,USA,2021-04-24,225640460.0,138644724.0,93078040.0,3318230.0,2824078.0,67.09,41.22,27.68,8397.0,"Johnson&Johnson, Moderna, Pfizer/BioNTech",Centers for Disease Control and Prevention,https://covid.cdc.gov/covid-data-tracker/COVIDData/getAjaxData?id=vaccination_data
47631,United States,USA,2021-04-25,228661408.0,139978480.0,94772329.0,3020948.0,2750656.0,67.99,41.62,28.18,8179.0,"Johnson&Johnson, Moderna, Pfizer/BioNTech",Centers for Disease Control and Prevention,https://covid.cdc.gov/covid-data-tracker/COVIDData/getAjaxData?id=vaccination_data
47632,United States,USA,2021-04-26,230768454.0,140969663.0,95888088.0,2107046.0,2741021.0,68.61,41.91,28.51,8150.0,"Johnson&Johnson, Moderna, Pfizer/BioNTech",Centers for Disease Control and Prevention,https://covid.cdc.gov/covid-data-tracker/COVIDData/getAjaxData?id=vaccination_data
47633,United States,USA,2021-04-27,232407669.0,141751857.0,96747454.0,1639215.0,2717062.0,69.1,42.15,28.77,8079.0,"Johnson&Johnson, Moderna, Pfizer/BioNTech",Centers for Disease Control and Prevention,https://covid.cdc.gov/covid-data-tracker/COVIDData/getAjaxData?id=vaccination_data
47634,United States,USA,2021-04-28,234639414.0,142692987.0,98044421.0,2231745.0,2669644.0,69.77,42.43,29.15,7938.0,"Johnson&Johnson, Moderna, Pfizer/BioNTech",Centers for Disease Control and Prevention,https://covid.cdc.gov/covid-data-tracker/COVIDData/getAjaxData?id=vaccination_data
47635,United States,USA,2021-04-29,237360493.0,143793565.0,99668945.0,2721079.0,2630407.0,70.57,42.75,29.63,7821.0,"Johnson&Johnson, Moderna, Pfizer/BioNTech",Centers for Disease Control and Prevention,https://covid.cdc.gov/covid-data-tracker/COVIDData/getAjaxData?id=vaccination_data
47636,United States,USA,2021-04-30,240159677.0,144894586.0,101407318.0,2799184.0,2548207.0,71.41,43.08,30.15,7577.0,"Johnson&Johnson, Moderna, Pfizer/BioNTech",Centers for Disease Control and Prevention,https://covid.cdc.gov/covid-data-tracker/COVIDData/getAjaxData?id=vaccination_data
47637,United States,USA,2021-05-01,243463471.0,146239208.0,103422555.0,3303794.0,2546144.0,72.39,43.48,30.75,7570.0,"Johnson&Johnson, Moderna, Pfizer/BioNTech",Centers for Disease Control and Prevention,https://covid.cdc.gov/covid-data-tracker/COVIDData/getAjaxData?id=vaccination_data
47638,United States,USA,2021-05-02,245591469.0,147047012.0,104774652.0,2127998.0,2418580.0,73.02,43.72,31.15,7191.0,"Johnson&Johnson, Moderna, Pfizer/BioNTech",Centers for Disease Control and Prevention,https://covid.cdc.gov/covid-data-tracker/COVIDData/getAjaxData?id=vaccination_data
47639,United States,USA,2021-05-03,246780203.0,147517734.0,105523520.0,1188734.0,2287393.0,73.38,43.86,31.38,6801.0,"Johnson&Johnson, Moderna, Pfizer/BioNTech",Centers for Disease Control and Prevention,https://covid.cdc.gov/covid-data-tracker/COVIDData/getAjaxData?id=vaccination_data
47640,United States,USA,2021-05-04,247769049.0,147894671.0,106168588.0,988846.0,2194483.0,73.67,43.97,31.57,6525.0,"Johnson&Johnson, Moderna, Pfizer/BioNTech",Centers for Disease Control and Prevention,https://covid.cdc.gov/covid-data-tracker/COVIDData/getAjaxData?id=vaccination_data
47641,United States,USA,2021-05-05,249566820.0,148562891.0,107346533.0,1797771.0,2132487.0,74.2,44.17,31.92,6341.0,"Johnson&Johnson, Moderna, Pfizer/BioNTech",Centers for Disease Control and Prevention,https://covid.cdc.gov/covid-data-tracker/COVIDData/getAjaxData?id=vaccination_data
47642,United States,USA,2021-05-06,251973752.0,149462265.0,108926627.0,2406932.0,2087608.0,74.92,44.44,32.39,6207.0,"Johnson&Johnson, Moderna, Pfizer/BioNTech",Centers for Disease Control and Prevention,https://covid.cdc.gov/covid-data-tracker/COVIDData/getAjaxData?id=vaccination_data
47643,United States,USA,2021-05-07,254779333.0,150416559.0,110874920.0,2805581.0,2088522.0,75.75,44.72,32.97,6210.0,"Johnson&Johnson, Moderna, Pfizer/BioNTech",Centers for Disease Control and Prevention,https://covid.cdc.gov/covid-data-tracker/COVIDData/getAjaxData?id=vaccination_data
47644,United States,USA,2021-05-08,257347205.0,151315505.0,112626771.0,2567872.0,1983391.0,76.52,44.99,33.49,5897.0,"Johnson&Johnson, Moderna, Pfizer/BioNTech",Centers for Disease Control and Prevention,https://covid.cdc.gov/covid-data-tracker/COVIDData/getAjaxData?id=vaccination_data
47645,United States,USA,2021-05-09,259716989.0,152116936.0,114258244.0,2369784.0,2017931.0,77.22,45.23,33.97,6000.0,"Johnson&Johnson, Moderna, Pfizer/BioNTech",Centers for Disease Control and Prevention,https://covid.cdc.gov/covid-data-tracker/COVIDData/getAjaxData?id=vaccination_data
47646,United States,USA,2021-05-10,261599381.0,152819904.0,115530780.0,1882392.0,2117025.0,77.78,45.44,34.35,6295.0,"Johnson&Johnson, Moderna, Pfizer/BioNTech",Centers for Disease Control and Prevention,https://covid.cdc.gov/covid-data-tracker/COVIDData/getAjaxData?id=vaccination_data
47647,United States,USA,2021-05-11,263132561.0,153448316.0,116576359.0,1533180.0,2194787.0,78.24,45.63,34.66,6526.0,"Johnson&Johnson, Moderna, Pfizer/BioNTech",Centers for Disease Control and Prevention,https://covid.cdc.gov/covid-data-tracker/COVIDData/getAjaxData?id=vaccination_data
47648,United States,USA,2021-05-12,264680844.0,153986312.0,117647439.0,1548283.0,2159146.0,78.7,45.79,34.98,6420.0,"Johnson&Johnson, Moderna, Pfizer/BioNTech",Centers for Disease Control and Prevention,https://covid.cdc.gov/covid-data-tracker/COVIDData/getAjaxData?id=vaccination_data
47649,United States,USA,2021-05-13,266596486.0,154624231.0,118987308.0,1915642.0,2088962.0,79.27,45.97,35.38,6211.0,"Johnson&Johnson, Moderna, Pfizer/BioNTech",Centers for Disease Control and Prevention,https://covid.cdc.gov/covid-data-tracker/COVIDData/getAjaxData?id=vaccination_data
47650,United States,USA,2021-05-14,268438666.0,155251852.0,120258637.0,1842180.0,1951333.0,79.82,46.16,35.76,5802.0,"Johnson&Johnson, Moderna, Pfizer/BioNTech",Centers for Disease Control and Prevention,https://covid.cdc.gov/covid-data-tracker/COVIDData/getAjaxData?id=vaccination_data
47651,United States,USA,2021-05-15,270832342.0,156217367.0,121768268.0,2393676.0,1926448.0,80.53,46.45,36.21,5728.0,"Johnson&Johnson, Moderna, Pfizer/BioNTech",Centers for Disease Control and Prevention,https://covid.cdc.gov/covid-data-tracker/COVIDData/getAjaxData?id=vaccination_data
47652,United States,USA,2021-05-16,272925411.0,157132234.0,122999721.0,2093069.0,1886917.0,81.15,46.72,36.57,5610.0,"Johnson&Johnson, Moderna, Pfizer/BioNTech",Centers for Disease Control and Prevention,https://covid.cdc.gov/covid-data-tracker/COVIDData/getAjaxData?id=vaccination_data
47653,United States,USA,2021-05-17,274411901.0,157827208.0,123828224.0,1486490.0,1830360.0,81.59,46.93,36.82,5442.0,"Johnson&Johnson, Moderna, Pfizer/BioNTech",Centers for Disease Control and Prevention,https://covid.cdc.gov/covid-data-tracker/COVIDData/getAjaxData?id=vaccination_data
47654,United States,USA,2021-05-18,275535207.0,158365411.0,124455693.0,1123306.0,1771807.0,81.93,47.09,37.0,5268.0,"Johnson&Johnson, Moderna, Pfizer/BioNTech",Centers for Disease Control and Prevention,https://covid.cdc.gov/covid-data-tracker/COVIDData/getAjaxData?id=vaccination_data
47655,United States,USA,2021-05-19,277290173.0,159174963.0,125453423.0,1754966.0,1801333.0,82.45,47.33,37.3,5356.0,"Johnson&Johnson, Moderna, Pfizer/BioNTech",Centers for Disease Control and Prevention,https://covid.cdc.gov/covid-data-tracker/COVIDData/getAjaxData?id=vaccination_data
47656,United States,USA,2021-05-20,279397250.0,160177820.0,126605166.0,2107077.0,1828681.0,83.07,47.63,37.64,5437.0,"Johnson&Johnson, Moderna, Pfizer/BioNTech",Centers for Disease Control and Prevention,https://covid.cdc.gov/covid-data-tracker/COVIDData/getAjaxData?id=vaccination_data
47657,United States,USA,2021-05-21,281595351.0,161278336.0,127778250.0,2198101.0,1879526.0,83.73,47.95,37.99,5588.0,"Johnson&Johnson, Moderna, Pfizer/BioNTech",Centers for Disease Control and Prevention,https://covid.cdc.gov/covid-data-tracker/COVIDData/getAjaxData?id=vaccination_data
47658,United States,USA,2021-05-22,283941223.0,162470794.0,129006463.0,2345872.0,1872697.0,84.42,48.31,38.36,5568.0,"Johnson&Johnson, Moderna, Pfizer/BioNTech",Centers for Disease Control and Prevention,https://covid.cdc.gov/covid-data-tracker/COVIDData/getAjaxData?id=vaccination_data
47659,United States,USA,2021-05-23,285720586.0,163309414.0,130014175.0,1779363.0,1827882.0,84.95,48.56,38.66,5435.0,"Johnson&Johnson, Moderna, Pfizer/BioNTech",Centers for Disease Control and Prevention,https://covid.cdc.gov/covid-data-tracker/COVIDData/getAjaxData?id=vaccination_data
47660,United States,USA,2021-05-24,286890900.0,163907827.0,130615797.0,1170314.0,1782714.0,85.3,48.73,38.84,5301.0,"Johnson&Johnson, Moderna, Pfizer/BioNTech",Centers for Disease Control and Prevention,https://covid.cdc.gov/covid-data-tracker/COVIDData/getAjaxData?id=vaccination_data
47661,United States,USA,2021-05-25,287788872.0,164378258.0,131078608.0,897972.0,1750524.0,85.57,48.87,38.97,5205.0,"Johnson&Johnson, Moderna, Pfizer/BioNTech",Centers for Disease Control and Prevention,https://covid.cdc.gov/covid-data-tracker/COVIDData/getAjaxData?id=vaccination_data
47662,United States,USA,2021-05-26,289212304.0,165074907.0,131850089.0,1423432.0,1703162.0,85.99,49.08,39.2,5064.0,"Johnson&Johnson, Moderna, Pfizer/BioNTech",Centers for Disease Control and Prevention,https://covid.cdc.gov/covid-data-tracker/COVIDData/getAjaxData?id=vaccination_data
47663,United States,USA,2021-05-27,290724607.0,165718717.0,132769894.0,1512303.0,1618194.0,86.44,49.27,39.48,4811.0,"Johnson&Johnson, Moderna, Pfizer/BioNTech",Centers for Disease Control and Prevention,https://covid.cdc.gov/covid-data-tracker/COVIDData/getAjaxData?id=vaccination_data
47664,United States,USA,2021-05-28,292099778.0,166388129.0,133532544.0,1375171.0,1500632.0,86.85,49.47,39.7,4462.0,"Johnson&Johnson, Moderna, Pfizer/BioNTech",Centers for Disease Control and Prevention,https://covid.cdc.gov/covid-data-tracker/COVIDData/getAjaxData?id=vaccination_data
47665,United States,USA,2021-05-29,293705050.0,167157043.0,134418748.0,1605272.0,1394832.0,87.33,49.7,39.97,4147.0,"Johnson&Johnson, Moderna, Pfizer/BioNTech",Centers for Disease Control and Prevention,https://covid.cdc.gov/covid-data-tracker/COVIDData/getAjaxData?id=vaccination_data
47666,United States,USA,2021-05-30,294928850.0,167733972.0,135087319.0,1223800.0,1315466.0,87.69,49.87,40.17,3911.0,"Johnson&Johnson, Moderna, Pfizer/BioNTech",Centers for Disease Control and Prevention,https://covid.cdc.gov/covid-data-tracker/COVIDData/getAjaxData?id=vaccination_data
47667,United States,USA,2021-05-31,294928850.0,167733972.0,135087319.0,1223800.0,1253664.0,87.69,49.87,40.17,3728.0,"Johnson&Johnson, Moderna, Pfizer/BioNTech",Centers for Disease Control and Prevention,https://covid.cdc.gov/covid-data-tracker/COVIDData/getAjaxData?id=vaccination_data
47668,United States,USA,2021-06-01,296404240.0,168489729.0,135867425.0,1223800.0,1230767.0,88.13,50.1,40.4,3659.0,"Johnson&Johnson, Moderna, Pfizer/BioNTech",Centers for Disease Control and Prevention,https://covid.cdc.gov/covid-data-tracker/COVIDData/getAjaxData?id=vaccination_data
47669,United States,USA,2021-06-02,296912892.0,168734435.0,136155250.0,508652.0,1100084.0,88.28,50.17,40.48,3271.0,"Johnson&Johnson, Moderna, Pfizer/BioNTech",Centers for Disease Control and Prevention,https://covid.cdc.gov/covid-data-tracker/COVIDData/getAjaxData?id=vaccination_data
47670,United States,USA,2021-06-03,297720928.0,169090262.0,136644618.0,808036.0,999474.0,88.52,50.28,40.63,2972.0,"Johnson&Johnson, Moderna, Pfizer/BioNTech",Centers for Disease Control and Prevention,https://covid.cdc.gov/covid-data-tracker/COVIDData/getAjaxData?id=vaccination_data
47671,United States,USA,2021-06-04,299120522.0,169735441.0,137455367.0,1399594.0,1002963.0,88.94,50.47,40.87,2982.0,"Johnson&Johnson, Moderna, Pfizer/BioNTech",Centers for Disease Control and Prevention,https://covid.cdc.gov/covid-data-tracker/COVIDData/getAjaxData?id=vaccination_data
47672,United States,USA,2021-06-05,300268730.0,170272150.0,138112702.0,1148208.0,937669.0,89.28,50.63,41.07,2788.0,"Johnson&Johnson, Moderna, Pfizer/BioNTech",Centers for Disease Control and Prevention,https://covid.cdc.gov/covid-data-tracker/COVIDData/getAjaxData?id=vaccination_data
47673,United States,USA,2021-06-06,301638578.0,170833221.0,138969323.0,1369848.0,958533.0,89.69,50.79,41.32,2850.0,"Johnson&Johnson, Moderna, Pfizer/BioNTech",Centers for Disease Control and Prevention,https://covid.cdc.gov/covid-data-tracker/COVIDData/getAjaxData?id=vaccination_data
47674,United States,USA,2021-06-07,302851917.0,171310738.0,139748661.0,1213339.0,1026482.0,90.05,50.94,41.55,3052.0,"Johnson&Johnson, Moderna, Pfizer/BioNTech",Centers for Disease Control and Prevention,https://covid.cdc.gov/covid-data-tracker/COVIDData/getAjaxData?id=vaccination_data
47675,United States,USA,2021-06-08,303923667.0,171731584.0,140441957.0,1071750.0,1074204.0,90.37,51.06,41.76,3194.0,"Johnson&Johnson, Moderna, Pfizer/BioNTech",Centers for Disease Control and Prevention,https://covid.cdc.gov/covid-data-tracker/COVIDData/getAjaxData?id=vaccination_data
47676,United States,USA,2021-06-09,304753476.0,172054276.0,140980110.0,829809.0,1120083.0,90.61,51.16,41.92,3330.0,"Johnson&Johnson, Moderna, Pfizer/BioNTech",Centers for Disease Control and Prevention,https://covid.cdc.gov/covid-data-tracker/COVIDData/getAjaxData?id=vaccination_data
47677,United States,USA,2021-06-10,305687618.0,172423605.0,141583252.0,934142.0,1138099.0,90.89,51.27,42.1,3384.0,"Johnson&Johnson, Moderna, Pfizer/BioNTech",Centers for Disease Control and Prevention,https://covid.cdc.gov/covid-data-tracker/COVIDData/getAjaxData?id=vaccination_data
47678,United States,USA,2021-06-11,306509795.0,172758350.0,142095530.0,822177.0,1055610.0,91.14,51.37,42.25,3139.0,"Johnson&Johnson, Moderna, Pfizer/BioNTech",Centers for Disease Control and Prevention,https://covid.cdc.gov/covid-data-tracker/COVIDData/getAjaxData?id=vaccination_data
47679,United States,USA,2021-06-12,308112728.0,173391711.0,143119077.0,1602933.0,1120571.0,91.61,51.55,42.55,3332.0,"Johnson&Johnson, Moderna, Pfizer/BioNTech",Centers for Disease Control and Prevention,https://covid.cdc.gov/covid-data-tracker/COVIDData/getAjaxData?id=vaccination_data
47680,United States,USA,2021-06-13,309322545.0,173840483.0,143921222.0,1209817.0,1097710.0,91.97,51.69,42.79,3264.0,"Johnson&Johnson, Moderna, Pfizer/BioNTech",Centers for Disease Control and Prevention,https://covid.cdc.gov/covid-data-tracker/COVIDData/getAjaxData?id=vaccination_data
47681,United States,USA,2021-06-14,310645827.0,174234573.0,144919339.0,1323282.0,1113416.0,92.36,51.81,43.09,3311.0,"Johnson&Johnson, Moderna, Pfizer/BioNTech",Centers for Disease Control and Prevention,https://covid.cdc.gov/covid-data-tracker/COVIDData/getAjaxData?id=vaccination_data
47682,United States,USA,2021-06-15,311886674.0,174674144.0,145768367.0,1240847.0,1137572.0,92.73,51.94,43.34,3382.0,"Johnson&Johnson, Moderna, Pfizer/BioNTech",Centers for Disease Control and Prevention,https://covid.cdc.gov/covid-data-tracker/COVIDData/getAjaxData?id=vaccination_data
47683,United States,USA,2021-06-16,312915170.0,175053401.0,146456124.0,1028496.0,1165956.0,93.04,52.05,43.55,3467.0,"Johnson&Johnson, Moderna, Pfizer/BioNTech",Centers for Disease Control and Prevention,https://covid.cdc.gov/covid-data-tracker/COVIDData/getAjaxData?id=vaccination_data
47684,United States,USA,2021-06-17,314969386.0,175867860.0,147758585.0,2054216.0,1325967.0,93.65,52.29,43.93,3943.0,"Johnson&Johnson, Moderna, Pfizer/BioNTech",Centers for Disease Control and Prevention,https://covid.cdc.gov/covid-data-tracker/COVIDData/getAjaxData?id=vaccination_data
47685,United States,USA,2021-06-18,316048776.0,176290249.0,148459003.0,1079390.0,1362712.0,93.97,52.42,44.14,4052.0,"Johnson&Johnson, Moderna, Pfizer/BioNTech",Centers for Disease Control and Prevention,https://covid.cdc.gov/covid-data-tracker/COVIDData/getAjaxData?id=vaccination_data
47686,United States,USA,2021-06-19,317117797.0,176737141.0,149125164.0,1069021.0,1286438.0,94.29,52.55,44.34,3825.0,"Johnson&Johnson, Moderna, Pfizer/BioNTech",Centers for Disease Control and Prevention,https://covid.cdc.gov/covid-data-tracker/COVIDData/getAjaxData?id=vaccination_data
47687,United States,USA,2021-06-20,317966408.0,177088290.0,149667646.0,848611.0,1234838.0,94.54,52.65,44.5,3672.0,"Johnson&Johnson, Moderna, Pfizer/BioNTech",Centers for Disease Control and Prevention,https://covid.cdc.gov/covid-data-tracker/COVIDData/getAjaxData?id=vaccination_data
47688,United States,USA,2021-06-21,318576441.0,177342954.0,150046006.0,610033.0,1132945.0,94.72,52.73,44.61,3369.0,"Johnson&Johnson, Moderna, Pfizer/BioNTech",Centers for Disease Control and Prevention,https://covid.cdc.gov/covid-data-tracker/COVIDData/getAjaxData?id=vaccination_data
47689,United States,USA,2021-06-22,319223844.0,177635067.0,150424675.0,647403.0,1048167.0,94.92,52.82,44.73,3117.0,"Johnson&Johnson, Moderna, Pfizer/BioNTech",Centers for Disease Control and Prevention,https://covid.cdc.gov/covid-data-tracker/COVIDData/getAjaxData?id=vaccination_data
47690,United States,USA,2021-06-23,319872053.0,177948892.0,150787303.0,648209.0,993840.0,95.11,52.91,44.83,2955.0,"Johnson&Johnson, Moderna, Pfizer/BioNTech",Centers for Disease Control and Prevention,https://covid.cdc.gov/covid-data-tracker/COVIDData/getAjaxData?id=vaccination_data
47691,United States,USA,2021-06-24,320687205.0,178331677.0,151252034.0,815152.0,816831.0,95.35,53.02,44.97,2429.0,"Johnson&Johnson, Moderna, Pfizer/BioNTech",Centers for Disease Control and Prevention,https://covid.cdc.gov/covid-data-tracker/COVIDData/getAjaxData?id=vaccination_data
47692,United States,USA,2021-06-25,321199379.0,178491147.0,151615554.0,512174.0,735800.0,95.5,53.07,45.08,2188.0,"Johnson&Johnson, Moderna, Pfizer/BioNTech",Centers for Disease Control and Prevention,https://covid.cdc.gov/covid-data-tracker/COVIDData/getAjaxData?id=vaccination_data
47693,United States,USA,2021-06-26,322123103.0,178873816.0,152184243.0,923724.0,715044.0,95.78,53.18,45.25,2126.0,"Johnson&Johnson, Moderna, Pfizer/BioNTech",Centers for Disease Control and Prevention,https://covid.cdc.gov/covid-data-tracker/COVIDData/getAjaxData?id=vaccination_data
47694,United States,USA,2021-06-27,323327328.0,179261269.0,153028665.0,1204225.0,765846.0,96.14,53.3,45.5,2277.0,"Johnson&Johnson, Moderna, Pfizer/BioNTech",Centers for Disease Control and Prevention,https://covid.cdc.gov/covid-data-tracker/COVIDData/getAjaxData?id=vaccination_data
47695,United States,USA,2021-06-28,324414371.0,179615165.0,153776118.0,1087043.0,833990.0,96.46,53.41,45.72,2480.0,"Johnson&Johnson, Moderna, Pfizer/BioNTech",Centers for Disease Control and Prevention,https://covid.cdc.gov/covid-data-tracker/COVIDData/getAjaxData?id=vaccination_data
47696,United States,USA,2021-06-29,325152847.0,179940202.0,154199664.0,738476.0,847000.0,96.68,53.5,45.85,2518.0,"Johnson&Johnson, Moderna, Pfizer/BioNTech",Centers for Disease Control and Prevention,https://covid.cdc.gov/covid-data-tracker/COVIDData/getAjaxData?id=vaccination_data
47697,United States,USA,2021-06-30,326521526.0,180674739.0,154884686.0,1368679.0,949925.0,97.09,53.72,46.05,2824.0,"Johnson&Johnson, Moderna, Pfizer/BioNTech",Centers for Disease Control and Prevention,https://covid.cdc.gov/covid-data-tracker/COVIDData/getAjaxData?id=vaccination_data
47698,United States,USA,2021-07-01,328152304.0,181339416.0,155884601.0,1630778.0,1066443.0,97.57,53.92,46.35,3171.0,"Johnson&Johnson, Moderna, Pfizer/BioNTech",Centers for Disease Control and Prevention,https://covid.cdc.gov/covid-data-tracker/COVIDData/getAjaxData?id=vaccination_data
47699,United States,USA,2021-07-02,328809470.0,181650678.0,156255896.0,657166.0,1087156.0,97.77,54.01,46.46,3232.0,"Johnson&Johnson, Moderna, Pfizer/BioNTech",Centers for Disease Control and Prevention,https://covid.cdc.gov/covid-data-tracker/COVIDData/getAjaxData?id=vaccination_data
47700,United States,USA,2021-07-03,329970551.0,182109860.0,156982549.0,1161081.0,1121064.0,98.11,54.15,46.68,3333.0,"Johnson&Johnson, Moderna, Pfizer/BioNTech",Centers for Disease Control and Prevention,https://covid.cdc.gov/covid-data-tracker/COVIDData/getAjaxData?id=vaccination_data
47701,United States,USA,2021-07-04,330604253.0,182412776.0,157323738.0,633702.0,1039561.0,98.3,54.24,46.78,3091.0,"Johnson&Johnson, Moderna, Pfizer/BioNTech",Centers for Disease Control and Prevention,https://covid.cdc.gov/covid-data-tracker/COVIDData/getAjaxData?id=vaccination_data
47702,United States,USA,2021-07-05,330604253.0,182412776.0,157323738.0,633702.0,927847.0,98.3,54.24,46.78,2759.0,"Johnson&Johnson, Moderna, Pfizer/BioNTech",Centers for Disease Control and Prevention,https://covid.cdc.gov/covid-data-tracker/COVIDData/getAjaxData?id=vaccination_data
47703,United States,USA,2021-07-06,331214347.0,182714064.0,157636088.0,633702.0,865929.0,98.48,54.33,46.87,2575.0,"Johnson&Johnson, Moderna, Pfizer/BioNTech",Centers for Disease Control and Prevention,https://covid.cdc.gov/covid-data-tracker/COVIDData/getAjaxData?id=vaccination_data
47704,United States,USA,2021-07-07,331651464.0,182896080.0,157908171.0,437117.0,732848.0,98.61,54.38,46.95,2179.0,"Johnson&Johnson, Moderna, Pfizer/BioNTech",Centers for Disease Control and Prevention,https://covid.cdc.gov/covid-data-tracker/COVIDData/getAjaxData?id=vaccination_data
47705,United States,USA,2021-07-08,332345797.0,183237046.0,158287566.0,694333.0,599070.0,98.82,54.48,47.06,1781.0,"Johnson&Johnson, Moderna, Pfizer/BioNTech",Centers for Disease Control and Prevention,https://covid.cdc.gov/covid-data-tracker/COVIDData/getAjaxData?id=vaccination_data
47706,United States,USA,2021-07-09,332966409.0,183542871.0,158629431.0,620612.0,593848.0,99.0,54.57,47.17,1766.0,"Johnson&Johnson, Moderna, Pfizer/BioNTech",Centers for Disease Control and Prevention,https://covid.cdc.gov/covid-data-tracker/COVIDData/getAjaxData?id=vaccination_data
47707,United States,USA,2021-07-10,333565404.0,183836917.0,158954417.0,598995.0,513550.0,99.18,54.66,47.26,1527.0,"Johnson&Johnson, Moderna, Pfizer/BioNTech",Centers for Disease Control and Prevention,https://covid.cdc.gov/covid-data-tracker/COVIDData/getAjaxData?id=vaccination_data
47708,United States,USA,2021-07-11,334151648.0,184132768.0,159266536.0,586244.0,506771.0,99.35,54.75,47.35,1507.0,"Johnson&Johnson, Moderna, Pfizer/BioNTech",Centers for Disease Control and Prevention,https://covid.cdc.gov/covid-data-tracker/COVIDData/getAjaxData?id=vaccination_data
47709,United States,USA,2021-07-12,334600770.0,184365333.0,159499224.0,449122.0,527353.0,99.49,54.82,47.42,1568.0,"Johnson&Johnson, Moderna, Pfizer/BioNTech",Centers for Disease Control and Prevention,https://covid.cdc.gov/covid-data-tracker/COVIDData/getAjaxData?id=vaccination_data
47710,United States,USA,2021-07-13,334942236.0,184543821.0,159675163.0,341466.0,532556.0,99.59,54.87,47.48,1583.0,"Johnson&Johnson, Moderna, Pfizer/BioNTech",Centers for Disease Control and Prevention,https://covid.cdc.gov/covid-data-tracker/COVIDData/getAjaxData?id=vaccination_data
47711,United States,USA,2021-07-14,335487779.0,184835149.0,160126516.0,545543.0,548045.0,99.75,54.96,47.61,1630.0,"Johnson&Johnson, Moderna, Pfizer/BioNTech",Centers for Disease Control and Prevention,https://covid.cdc.gov/covid-data-tracker/COVIDData/getAjaxData?id=vaccination_data
47712,United States,USA,2021-07-15,336054953.0,185135757.0,160408538.0,567174.0,529879.0,99.92,55.05,47.69,1575.0,"Johnson&Johnson, Moderna, Pfizer/BioNTech",Centers for Disease Control and Prevention,https://covid.cdc.gov/covid-data-tracker/COVIDData/getAjaxData?id=vaccination_data
47713,United States,USA,2021-07-16,336604158.0,185424899.0,160686378.0,549205.0,519678.0,100.08,55.13,47.78,1545.0,"Johnson&Johnson, Moderna, Pfizer/BioNTech",Centers for Disease Control and Prevention,https://covid.cdc.gov/covid-data-tracker/COVIDData/getAjaxData?id=vaccination_data
47714,United States,USA,2021-07-17,337239448.0,185765452.0,160994035.0,635290.0,524863.0,100.27,55.23,47.87,1561.0,"Johnson&Johnson, Moderna, Pfizer/BioNTech",Centers for Disease Control and Prevention,https://covid.cdc.gov/covid-data-tracker/COVIDData/getAjaxData?id=vaccination_data
47715,United States,USA,2021-07-18,337740358.0,186038501.0,161232483.0,500910.0,512673.0,100.42,55.32,47.94,1524.0,"Johnson&Johnson, Moderna, Pfizer/BioNTech",Centers for Disease Control and Prevention,https://covid.cdc.gov/covid-data-tracker/COVIDData/getAjaxData?id=vaccination_data
47716,United States,USA,2021-07-19,338247434.0,186317651.0,161473715.0,507076.0,520952.0,100.57,55.4,48.01,1549.0,"Johnson&Johnson, Moderna, Pfizer/BioNTech",Centers for Disease Control and Prevention,https://covid.cdc.gov/covid-data-tracker/COVIDData/getAjaxData?id=vaccination_data
47717,United States,USA,2021-07-20,338491374.0,186474836.0,161631676.0,243940.0,507020.0,100.64,55.44,48.06,1508.0,"Johnson&Johnson, Moderna, Pfizer/BioNTech",Centers for Disease Control and Prevention,https://covid.cdc.gov/covid-data-tracker/COVIDData/getAjaxData?id=vaccination_data
47718,United States,USA,2021-07-21,339102867.0,186819440.0,161895045.0,611493.0,516441.0,100.83,55.55,48.14,1536.0,"Johnson&Johnson, Moderna, Pfizer/BioNTech",Centers for Disease Control and Prevention,https://covid.cdc.gov/covid-data-tracker/COVIDData/getAjaxData?id=vaccination_data
47719,United States,USA,2021-07-22,339763765.0,187216168.0,162174165.0,660898.0,529830.0,101.02,55.67,48.22,1575.0,"Johnson&Johnson, Moderna, Pfizer/BioNTech",Centers for Disease Control and Prevention,https://covid.cdc.gov/covid-data-tracker/COVIDData/getAjaxData?id=vaccination_data
47720,United States,USA,2021-07-23,340363922.0,187579557.0,162435276.0,600157.0,537109.0,101.2,55.77,48.3,1597.0,"Johnson&Johnson, Moderna, Pfizer/BioNTech",Centers for Disease Control and Prevention,https://covid.cdc.gov/covid-data-tracker/COVIDData/getAjaxData?id=vaccination_data
47721,United States,USA,2021-07-24,341039972.0,187982826.0,162725812.0,676050.0,542932.0,101.4,55.89,48.38,1614.0,"Johnson&Johnson, Moderna, Pfizer/BioNTech",Centers for Disease Control and Prevention,https://covid.cdc.gov/covid-data-tracker/COVIDData/getAjaxData?id=vaccination_data
47722,United States,USA,2021-07-25,341818968.0,188472188.0,163025726.0,778996.0,582659.0,101.63,56.04,48.47,1732.0,"Johnson&Johnson, Moderna, Pfizer/BioNTech",Centers for Disease Control and Prevention,https://covid.cdc.gov/covid-data-tracker/COVIDData/getAjaxData?id=vaccination_data
47723,United States,USA,2021-07-26,342212051.0,188729282.0,163173366.0,393083.0,566374.0,101.75,56.12,48.52,1684.0,"Johnson&Johnson, Moderna, Pfizer/BioNTech",Centers for Disease Control and Prevention,https://covid.cdc.gov/covid-data-tracker/COVIDData/getAjaxData?id=vaccination_data
47724,United States,USA,2021-07-27,342607540.0,188996475.0,163312474.0,395489.0,588024.0,101.87,56.19,48.56,1748.0,"Johnson&Johnson, Moderna, Pfizer/BioNTech",Centers for Disease Control and Prevention,https://covid.cdc.gov/covid-data-tracker/COVIDData/getAjaxData?id=vaccination_data
47725,United States,USA,2021-07-28,343361524.0,189494180.0,163588042.0,753984.0,608380.0,102.09,56.34,48.64,1809.0,"Johnson&Johnson, Moderna, Pfizer/BioNTech",Centers for Disease Control and Prevention,https://covid.cdc.gov/covid-data-tracker/COVIDData/getAjaxData?id=vaccination_data
47726,United States,USA,2021-07-29,344071595.0,189945907.0,163868916.0,710071.0,615404.0,102.3,56.48,48.72,1830.0,"Johnson&Johnson, Moderna, Pfizer/BioNTech",Centers for Disease Control and Prevention,https://covid.cdc.gov/covid-data-tracker/COVIDData/getAjaxData?id=vaccination_data
47727,United States,USA,2021-07-30,344928514.0,190509183.0,164184080.0,856919.0,652085.0,102.56,56.64,48.82,1939.0,"Johnson&Johnson, Moderna, Pfizer/BioNTech",Centers for Disease Control and Prevention,https://covid.cdc.gov/covid-data-tracker/COVIDData/getAjaxData?id=vaccination_data
47728,United States,USA,2021-07-31,345640466.0,190982149.0,164446964.0,711952.0,657213.0,102.77,56.79,48.9,1954.0,"Johnson&Johnson, Moderna, Pfizer/BioNTech",Centers for Disease Control and Prevention,https://covid.cdc.gov/covid-data-tracker/COVIDData/getAjaxData?id=vaccination_data
47729,United States,USA,2021-08-01,346456669.0,191498983.0,164757423.0,816203.0,662529.0,103.01,56.94,48.99,1970.0,"Johnson&Johnson, Moderna, Pfizer/BioNTech",Centers for Disease Control and Prevention,https://covid.cdc.gov/covid-data-tracker/COVIDData/getAjaxData?id=vaccination_data
47730,United States,USA,2021-08-02,346924345.0,191818585.0,164919666.0,467676.0,673185.0,103.15,57.03,49.04,2002.0,"Johnson&Johnson, Moderna, Pfizer/BioNTech",Centers for Disease Control and Prevention,https://covid.cdc.gov/covid-data-tracker/COVIDData/getAjaxData?id=vaccination_data
47731,United States,USA,2021-08-03,347377149.0,192120576.0,165081416.0,452804.0,681373.0,103.29,57.12,49.08,2026.0,"Johnson&Johnson, Moderna, Pfizer/BioNTech",Centers for Disease Control and Prevention,https://covid.cdc.gov/covid-data-tracker/COVIDData/getAjaxData?id=vaccination_data
47732,United States,USA,2021-08-04,348102478.0,192614017.0,165334987.0,725329.0,677279.0,103.5,57.27,49.16,2014.0,"Johnson&Johnson, Moderna, Pfizer/BioNTech",Centers for Disease Control and Prevention,https://covid.cdc.gov/covid-data-tracker/COVIDData/getAjaxData?id=vaccination_data
47733,United States,USA,2021-08-05,348966419.0,193199353.0,165637566.0,863941.0,699261.0,103.76,57.44,49.25,2079.0,"Johnson&Johnson, Moderna, Pfizer/BioNTech",Centers for Disease Control and Prevention,https://covid.cdc.gov/covid-data-tracker/COVIDData/getAjaxData?id=vaccination_data
47734,United States,USA,2021-08-06,349787479.0,193764457.0,165918256.0,821060.0,694138.0,104.0,57.61,49.33,2064.0,"Johnson&Johnson, Moderna, Pfizer/BioNTech",Centers for Disease Control and Prevention,https://covid.cdc.gov/covid-data-tracker/COVIDData/getAjaxData?id=vaccination_data
47735,United States,USA,2021-08-07,350627188.0,194346486.0,166203176.0,839709.0,712389.0,104.25,57.79,49.42,2118.0,"Johnson&Johnson, Moderna, Pfizer/BioNTech",Centers for Disease Control and Prevention,https://covid.cdc.gov/covid-data-tracker/COVIDData/getAjaxData?id=vaccination_data
47736,United States,USA,2021-08-08,351400930.0,194866738.0,166477481.0,773742.0,706323.0,104.48,57.94,49.5,2100.0,"Johnson&Johnson, Moderna, Pfizer/BioNTech",Centers for Disease Control and Prevention,https://covid.cdc.gov/covid-data-tracker/COVIDData/getAjaxData?id=vaccination_data
47737,United States,USA,2021-08-09,351933175.0,195222906.0,166654374.0,532245.0,715547.0,104.64,58.05,49.55,2128.0,"Johnson&Johnson, Moderna, Pfizer/BioNTech",Centers for Disease Control and Prevention,https://covid.cdc.gov/covid-data-tracker/COVIDData/getAjaxData?id=vaccination_data
47738,United States,USA,2021-08-10,352550944.0,195646711.0,166861912.0,617769.0,739114.0,104.82,58.17,49.61,2198.0,"Johnson&Johnson, Moderna, Pfizer/BioNTech",Centers for Disease Control and Prevention,https://covid.cdc.gov/covid-data-tracker/COVIDData/getAjaxData?id=vaccination_data
47739,United States,USA,2021-08-11,353205544.0,196077952.0,167105507.0,654600.0,729009.0,105.02,58.3,49.69,2168.0,"Johnson&Johnson, Moderna, Pfizer/BioNTech",Centers for Disease Control and Prevention,https://covid.cdc.gov/covid-data-tracker/COVIDData/getAjaxData?id=vaccination_data
47740,United States,USA,2021-08-12,353859894.0,196505543.0,167354729.0,654350.0,699068.0,105.21,58.43,49.76,2079.0,"Johnson&Johnson, Moderna, Pfizer/BioNTech",Centers for Disease Control and Prevention,https://covid.cdc.gov/covid-data-tracker/COVIDData/getAjaxData?id=vaccination_data
47741,United States,USA,2021-08-13,354777950.0,197081471.0,167699170.0,918056.0,712924.0,105.49,58.6,49.86,2120.0,"Johnson&Johnson, Moderna, Pfizer/BioNTech",Centers for Disease Control and Prevention,https://covid.cdc.gov/covid-data-tracker/COVIDData/getAjaxData?id=vaccination_data
47742,United States,USA,2021-08-14,355768825.0,197685048.0,168090925.0,990875.0,734520.0,105.78,58.78,49.98,2184.0,"Johnson&Johnson, Moderna, Pfizer/BioNTech",Centers for Disease Control and Prevention,https://covid.cdc.gov/covid-data-tracker/COVIDData/getAjaxData?id=vaccination_data
47743,United States,USA,2021-08-15,356433665.0,198088722.0,168362058.0,664840.0,718962.0,105.98,58.9,50.06,2138.0,"Johnson&Johnson, Moderna, Pfizer/BioNTech",Centers for Disease Control and Prevention,https://covid.cdc.gov/covid-data-tracker/COVIDData/getAjaxData?id=vaccination_data
47744,United States,USA,2021-08-16,357292057.0,198595349.0,168689357.0,858392.0,765555.0,106.23,59.05,50.16,2276.0,"Johnson&Johnson, Moderna, Pfizer/BioNTech",Centers for Disease Control and Prevention,https://covid.cdc.gov/covid-data-tracker/COVIDData/getAjaxData?id=vaccination_data
47745,United States,USA,2021-08-17,357894995.0,198929642.0,168897604.0,602938.0,763436.0,106.41,59.15,50.22,2270.0,"Johnson&Johnson, Moderna, Pfizer/BioNTech",Centers for Disease Control and Prevention,https://covid.cdc.gov/covid-data-tracker/COVIDData/getAjaxData?id=vaccination_data
47746,United States,USA,2021-08-18,358599835.0,199325940.0,169186268.0,704840.0,770613.0,106.62,59.27,50.3,2291.0,"Johnson&Johnson, Moderna, Pfizer/BioNTech",Centers for Disease Control and Prevention,https://covid.cdc.gov/covid-data-tracker/COVIDData/getAjaxData?id=vaccination_data
47747,United States,USA,2021-08-19,359623380.0,199887548.0,169592873.0,1023545.0,823355.0,106.93,59.43,50.43,2448.0,"Johnson&Johnson, Moderna, Pfizer/BioNTech",Centers for Disease Control and Prevention,https://covid.cdc.gov/covid-data-tracker/COVIDData/getAjaxData?id=vaccination_data
47748,United States,USA,2021-08-20,360634287.0,200421787.0,169998983.0,1010907.0,836620.0,107.23,59.59,50.55,2488.0,"Johnson&Johnson, Moderna, Pfizer/BioNTech",Centers for Disease Control and Prevention,https://covid.cdc.gov/covid-data-tracker/COVIDData/getAjaxData?id=vaccination_data
47749,United States,USA,2021-08-21,361684564.0,200947556.0,170406785.0,1050277.0,845106.0,107.54,59.75,50.67,2513.0,"Johnson&Johnson, Moderna, Pfizer/BioNTech",Centers for Disease Control and Prevention,https://covid.cdc.gov/covid-data-tracker/COVIDData/getAjaxData?id=vaccination_data
47750,United States,USA,2021-08-22,362657771.0,201425785.0,170821621.0,973207.0,889158.0,107.83,59.89,50.79,2644.0,"Johnson&Johnson, Moderna, Pfizer/BioNTech",Centers for Disease Control and Prevention,https://covid.cdc.gov/covid-data-tracker/COVIDData/getAjaxData?id=vaccination_data
47751,United States,USA,2021-08-23,363267789.0,201718587.0,171088954.0,610018.0,853676.0,108.01,59.98,50.87,2538.0,"Johnson&Johnson, Moderna, Pfizer/BioNTech",Centers for Disease Control and Prevention,https://covid.cdc.gov/covid-data-tracker/COVIDData/getAjaxData?id=vaccination_data
47752,United States,USA,2021-08-24,363915792.0,202041893.0,171367657.0,648003.0,860114.0,108.2,60.07,50.95,2557.0,"Johnson&Johnson, Moderna, Pfizer/BioNTech",Centers for Disease Control and Prevention,https://covid.cdc.gov/covid-data-tracker/COVIDData/getAjaxData?id=vaccination_data
47753,United States,USA,2021-08-25,364842701.0,202500853.0,171773370.0,926909.0,891838.0,108.48,60.21,51.07,2652.0,"Johnson&Johnson, Moderna, Pfizer/BioNTech",Centers for Disease Control and Prevention,https://covid.cdc.gov/covid-data-tracker/COVIDData/getAjaxData?id=vaccination_data
47754,United States,USA,2021-08-26,365767674.0,202961676.0,172171009.0,924973.0,877756.0,108.75,60.35,51.19,2610.0,"Johnson&Johnson, Moderna, Pfizer/BioNTech",Centers for Disease Control and Prevention,https://covid.cdc.gov/covid-data-tracker/COVIDData/getAjaxData?id=vaccination_data
47755,United States,USA,2021-08-27,366838484.0,203475192.0,172646952.0,1070810.0,886314.0,109.07,60.5,51.33,2635.0,"Johnson&Johnson, Moderna, Pfizer/BioNTech",Centers for Disease Control and Prevention,https://covid.cdc.gov/covid-data-tracker/COVIDData/getAjaxData?id=vaccination_data
47756,United States,USA,2021-08-28,367911870.0,203992008.0,173101292.0,1073386.0,889615.0,109.39,60.65,51.47,2645.0,"Johnson&Johnson, Moderna, Pfizer/BioNTech",Centers for Disease Control and Prevention,https://covid.cdc.gov/covid-data-tracker/COVIDData/getAjaxData?id=vaccination_data
47757,United States,USA,2021-08-29,368863734.0,204435968.0,173520211.0,951864.0,886566.0,109.67,60.79,51.59,2636.0,"Johnson&Johnson, Moderna, Pfizer/BioNTech",Centers for Disease Control and Prevention,https://covid.cdc.gov/covid-data-tracker/COVIDData/getAjaxData?id=vaccination_data
47758,United States,USA,2021-08-30,369556911.0,204742648.0,173832202.0,693177.0,898446.0,109.88,60.88,51.69,2671.0,"Johnson&Johnson, Moderna, Pfizer/BioNTech",Centers for Disease Control and Prevention,https://covid.cdc.gov/covid-data-tracker/COVIDData/getAjaxData?id=vaccination_data
47759,United States,USA,2021-08-31,370212027.0,205026070.0,174121529.0,655116.0,899462.0,110.08,60.96,51.77,2674.0,"Johnson&Johnson, Moderna, Pfizer/BioNTech",Centers for Disease Control and Prevention,https://covid.cdc.gov/covid-data-tracker/COVIDData/getAjaxData?id=vaccination_data
47760,United States,USA,2021-09-01,371280129.0,205527578.0,174600017.0,1068102.0,919633.0,110.39,61.11,51.91,2734.0,"Johnson&Johnson, Moderna, Pfizer/BioNTech",Centers for Disease Control and Prevention,https://covid.cdc.gov/covid-data-tracker/COVIDData/getAjaxData?id=vaccination_data
47761,United States,USA,2021-09-02,372116617.0,205911640.0,174973937.0,836488.0,906992.0,110.64,61.22,52.03,2697.0,"Johnson&Johnson, Moderna, Pfizer/BioNTech",Centers for Disease Control and Prevention,https://covid.cdc.gov/covid-data-tracker/COVIDData/getAjaxData?id=vaccination_data
47762,United States,USA,2021-09-03,373516809.0,206461869.0,175538025.0,1400192.0,954046.0,111.06,61.39,52.19,2837.0,"Johnson&Johnson, Moderna, Pfizer/BioNTech",Centers for Disease Control and Prevention,https://covid.cdc.gov/covid-data-tracker/COVIDData/getAjaxData?id=vaccination_data
47763,United States,USA,2021-09-04,374488924.0,206908710.0,175968266.0,972115.0,939579.0,111.35,61.52,52.32,2794.0,"Johnson&Johnson, Moderna, Pfizer/BioNTech",Centers for Disease Control and Prevention,https://covid.cdc.gov/covid-data-tracker/COVIDData/getAjaxData?id=vaccination_data
47764,United States,USA,2021-09-05,374488924.0,206908710.0,175968266.0,972115.0,875334.0,111.35,61.52,52.32,2603.0,"Johnson&Johnson, Moderna, Pfizer/BioNTech",Centers for Disease Control and Prevention,https://covid.cdc.gov/covid-data-tracker/COVIDData/getAjaxData?id=vaccination_data
47765,United States,USA,2021-09-06,374488924.0,206908710.0,175968266.0,972115.0,848045.0,111.35,61.52,52.32,2522.0,"Johnson&Johnson, Moderna, Pfizer/BioNTech",Centers for Disease Control and Prevention,https://covid.cdc.gov/covid-data-tracker/COVIDData/getAjaxData?id=vaccination_data
47766,United States,USA,2021-09-07,375995378.0,207589611.0,176659496.0,972115.0,826193.0,111.8,61.72,52.53,2457.0,"Johnson&Johnson, Moderna, Pfizer/BioNTech",Centers for Disease Control and Prevention,https://covid.cdc.gov/covid-data-tracker/COVIDData/getAjaxData?id=vaccination_data
47767,United States,USA,2021-09-08,376955132.0,208024209.0,177104652.0,959754.0,810715.0,112.08,61.85,52.66,2411.0,"Johnson&Johnson, Moderna, Pfizer/BioNTech",Centers for Disease Control and Prevention,https://covid.cdc.gov/covid-data-tracker/COVIDData/getAjaxData?id=vaccination_data
47768,United States,USA,2021-09-09,377622065.0,208305270.0,177433044.0,666933.0,786493.0,112.28,61.94,52.76,2338.0,"Johnson&Johnson, Moderna, Pfizer/BioNTech",Centers for Disease Control and Prevention,https://covid.cdc.gov/covid-data-tracker/COVIDData/getAjaxData?id=vaccination_data
47769,United States,USA,2021-09-10,378569717.0,208704230.0,177899458.0,947652.0,721844.0,112.56,62.05,52.9,2146.0,"Johnson&Johnson, Moderna, Pfizer/BioNTech",Centers for Disease Control and Prevention,https://covid.cdc.gov/covid-data-tracker/COVIDData/getAjaxData?id=vaccination_data
47770,United States,USA,2021-09-11,379472220.0,209099300.0,178328389.0,902503.0,711899.0,112.83,62.17,53.02,2117.0,"Johnson&Johnson, Moderna, Pfizer/BioNTech",Centers for Disease Control and Prevention,https://covid.cdc.gov/covid-data-tracker/COVIDData/getAjaxData?id=vaccination_data
47771,United States,USA,2021-09-12,380241903.0,209437152.0,178692875.0,769683.0,750118.0,113.06,62.27,53.13,2230.0,"Johnson&Johnson, Moderna, Pfizer/BioNTech",Centers for Disease Control and Prevention,https://covid.cdc.gov/covid-data-tracker/COVIDData/getAjaxData?id=vaccination_data
47772,United States,USA,2021-09-13,380831725.0,209701005.0,178982950.0,589822.0,762643.0,113.23,62.35,53.22,2268.0,"Johnson&Johnson, Moderna, Pfizer/BioNTech",Centers for Disease Control and Prevention,https://covid.cdc.gov/covid-data-tracker/COVIDData/getAjaxData?id=vaccination_data
47773,United States,USA,2021-09-14,381453265.0,209982936.0,179289983.0,621540.0,779698.0,113.42,62.43,53.31,2318.0,"Johnson&Johnson, Moderna, Pfizer/BioNTech",Centers for Disease Control and Prevention,https://covid.cdc.gov/covid-data-tracker/COVIDData/getAjaxData?id=vaccination_data
47774,United States,USA,2021-09-15,382294795.0,210361099.0,179695287.0,841530.0,762809.0,113.67,62.55,53.43,2268.0,"Johnson&Johnson, Moderna, Pfizer/BioNTech",Centers for Disease Control and Prevention,https://covid.cdc.gov/covid-data-tracker/COVIDData/getAjaxData?id=vaccination_data
47775,United States,USA,2021-09-16,383038403.0,210700361.0,180086143.0,743608.0,773763.0,113.89,62.65,53.55,2301.0,"Johnson&Johnson, Moderna, Pfizer/BioNTech",Centers for Disease Control and Prevention,https://covid.cdc.gov/covid-data-tracker/COVIDData/getAjaxData?id=vaccination_data
47776,United States,USA,2021-09-17,383994877.0,211097597.0,180572171.0,956474.0,775023.0,114.17,62.77,53.69,2304.0,"Johnson&Johnson, Moderna, Pfizer/BioNTech",Centers for Disease Control and Prevention,https://covid.cdc.gov/covid-data-tracker/COVIDData/getAjaxData?id=vaccination_data
47777,United States,USA,2021-09-18,384911290.0,211489242.0,181035022.0,916413.0,777010.0,114.45,62.88,53.83,2310.0,"Johnson&Johnson, Moderna, Pfizer/BioNTech",Centers for Disease Control and Prevention,https://covid.cdc.gov/covid-data-tracker/COVIDData/getAjaxData?id=vaccination_data
47778,United States,USA,2021-09-19,385586012.0,211776515.0,181382976.0,674722.0,763444.0,114.65,62.97,53.93,2270.0,"Johnson&Johnson, Moderna, Pfizer/BioNTech",Centers for Disease Control and Prevention,https://covid.cdc.gov/covid-data-tracker/COVIDData/getAjaxData?id=vaccination_data
47779,United States,USA,2021-09-20,386237881.0,212035328.0,181728072.0,651869.0,772308.0,114.84,63.04,54.03,2296.0,"Johnson&Johnson, Moderna, Pfizer/BioNTech",Centers for Disease Control and Prevention,https://covid.cdc.gov/covid-data-tracker/COVIDData/getAjaxData?id=vaccination_data
47780,United States,USA,2021-09-21,386780816.0,212255202.0,182012343.0,542935.0,761079.0,115.0,63.11,54.12,2263.0,"Johnson&Johnson, Moderna, Pfizer/BioNTech",Centers for Disease Control and Prevention,https://covid.cdc.gov/covid-data-tracker/COVIDData/getAjaxData?id=vaccination_data
47781,United States,USA,2021-09-22,387493716.0,212545360.0,182387840.0,712900.0,742703.0,115.21,63.2,54.23,2208.0,"Johnson&Johnson, Moderna, Pfizer/BioNTech",Centers for Disease Control and Prevention,https://covid.cdc.gov/covid-data-tracker/COVIDData/getAjaxData?id=vaccination_data
47782,United States,USA,2021-09-23,387821704.0,212564346.0,182587334.0,327988.0,683329.0,115.31,63.2,54.29,2032.0,"Johnson&Johnson, Moderna, Pfizer/BioNTech",Centers for Disease Control and Prevention,https://covid.cdc.gov/covid-data-tracker/COVIDData/getAjaxData?id=vaccination_data
47783,United States,USA,2021-09-24,388567109.0,212861380.0,182958696.0,745405.0,653176.0,115.53,63.29,54.4,1942.0,"Johnson&Johnson, Moderna, Pfizer/BioNTech",Centers for Disease Control and Prevention,https://covid.cdc.gov/covid-data-tracker/COVIDData/getAjaxData?id=vaccination_data
47784,United States,USA,2021-09-25,389372689.0,213177462.0,183353326.0,805580.0,637343.0,115.77,63.38,54.52,1895.0,"Johnson&Johnson, Moderna, Pfizer/BioNTech",Centers for Disease Control and Prevention,https://covid.cdc.gov/covid-data-tracker/COVIDData/getAjaxData?id=vaccination_data
47785,United States,USA,2021-09-26,390114328.0,213456787.0,183670870.0,741639.0,646902.0,115.99,63.47,54.61,1923.0,"Johnson&Johnson, Moderna, Pfizer/BioNTech",Centers for Disease Control and Prevention,https://covid.cdc.gov/covid-data-tracker/COVIDData/getAjaxData?id=vaccination_data
47786,United States,USA,2021-09-27,390664923.0,213657193.0,183888907.0,550595.0,632435.0,116.16,63.53,54.68,1880.0,"Johnson&Johnson, Moderna, Pfizer/BioNTech",Centers for Disease Control and Prevention,https://covid.cdc.gov/covid-data-tracker/COVIDData/getAjaxData?id=vaccination_data
47787,United States,USA,2021-09-28,390664923.0,213657193.0,183888907.0,550595.0,649711.0,116.16,63.53,54.68,1932.0,"Johnson&Johnson, Moderna, Pfizer/BioNTech",Centers for Disease Control and Prevention,https://covid.cdc.gov/covid-data-tracker/COVIDData/getAjaxData?id=vaccination_data
47788,United States,USA,2021-09-29,391992662.0,214043376.0,184335263.0,550595.0,642707.0,116.55,63.64,54.81,1911.0,"Johnson&Johnson, Moderna, Pfizer/BioNTech",Centers for Disease Control and Prevention,https://covid.cdc.gov/covid-data-tracker/COVIDData/getAjaxData?id=vaccination_data
47789,United States,USA,2021-09-30,392909995.0,214332261.0,184601450.0,917333.0,726899.0,116.82,63.73,54.89,2161.0,"Johnson&Johnson, Moderna, Pfizer/BioNTech",Centers for Disease Control and Prevention,https://covid.cdc.gov/covid-data-tracker/COVIDData/getAjaxData?id=vaccination_data
47790,United States,USA,2021-10-01,393756866.0,214597690.0,184852416.0,846871.0,741394.0,117.08,63.81,54.96,2204.0,"Johnson&Johnson, Moderna, Pfizer/BioNTech",Centers for Disease Control and Prevention,https://covid.cdc.gov/covid-data-tracker/COVIDData/getAjaxData?id=vaccination_data
47791,United States,USA,2021-10-02,394690283.0,214870696.0,185143698.0,933417.0,759656.0,117.35,63.89,55.05,2259.0,"Johnson&Johnson, Moderna, Pfizer/BioNTech",Centers for Disease Control and Prevention,https://covid.cdc.gov/covid-data-tracker/COVIDData/getAjaxData?id=vaccination_data
47792,United States,USA,2021-10-03,395934825.0,215233625.0,185492579.0,1244542.0,831500.0,117.72,64.0,55.15,2472.0,"Johnson&Johnson, Moderna, Pfizer/BioNTech",Centers for Disease Control and Prevention,https://covid.cdc.gov/covid-data-tracker/COVIDData/getAjaxData?id=vaccination_data
47793,United States,USA,2021-10-04,396919564.0,215502382.0,185788098.0,984739.0,893520.0,118.02,64.08,55.24,2657.0,"Johnson&Johnson, Moderna, Pfizer/BioNTech",Centers for Disease Control and Prevention,https://covid.cdc.gov/covid-data-tracker/COVIDData/getAjaxData?id=vaccination_data
47794,United States,USA,2021-10-05,397718055.0,215737487.0,186060146.0,798491.0,912752.0,118.25,64.15,55.32,2714.0,"Johnson&Johnson, Moderna, Pfizer/BioNTech",Centers for Disease Control and Prevention,https://covid.cdc.gov/covid-data-tracker/COVIDData/getAjaxData?id=vaccination_data
47795,United States,USA,2021-10-06,398675414.0,216012495.0,186385751.0,957359.0,954679.0,118.54,64.23,55.42,2839.0,"Johnson&Johnson, Moderna, Pfizer/BioNTech",Centers for Disease Control and Prevention,https://covid.cdc.gov/covid-data-tracker/COVIDData/getAjaxData?id=vaccination_data
47796,United States,USA,2021-10-07,399552444.0,216268034.0,186618184.0,877030.0,948921.0,118.8,64.3,55.49,2821.0,"Johnson&Johnson, Moderna, Pfizer/BioNTech",Centers for Disease Control and Prevention,https://covid.cdc.gov/covid-data-tracker/COVIDData/getAjaxData?id=vaccination_data
47797,United States,USA,2021-10-08,400669422.0,216573911.0,186917921.0,1116978.0,987508.0,119.13,64.39,55.58,2936.0,"Johnson&Johnson, Moderna, Pfizer/BioNTech",Centers for Disease Control and Prevention,https://covid.cdc.gov/covid-data-tracker/COVIDData/getAjaxData?id=vaccination_data
47798,United States,USA,2021-10-09,401819240.0,216889814.0,187215471.0,1149818.0,1018422.0,119.47,64.49,55.67,3028.0,"Johnson&Johnson, Moderna, Pfizer/BioNTech",Centers for Disease Control and Prevention,https://covid.cdc.gov/covid-data-tracker/COVIDData/getAjaxData?id=vaccination_data
